site,label_site,wildtype,mutation,condition,protein_chain,protein_site,site_mean
7,pos7,A,A,DMS,A,7,0.2506
70,pos70,A,A,DMS,A,70,0.079038
94,pos94,A,A,DMS,A,94,-0.18094
116,pos116,A,A,DMS,A,116,-0.33685
129,pos129,A,A,DMS,A,129,-0.44291
173,pos173,A,A,DMS,A,173,0.47198
191,pos191,A,A,DMS,A,191,-0.30212
193,pos193,A,A,DMS,A,193,-0.040167
194,pos194,A,A,DMS,A,194,0.49414
206,pos206,A,A,DMS,A,206,-0.33685
210,pos210,A,A,DMS,A,210,0.32109
211,pos211,A,A,DMS,A,211,-0.0539
234,pos234,A,A,DMS,A,234,-0.67837
255,pos255,A,A,DMS,A,255,0.21101
260,pos260,A,A,DMS,A,260,0.48473
266,pos266,A,A,DMS,A,266,-0.38848
285,pos285,A,A,DMS,A,285,-0.77103
70,pos70,A,D,DMS,A,70,-0.61526
94,pos94,A,D,DMS,A,94,-3.4869
116,pos116,A,D,DMS,A,116,-4.5855
129,pos129,A,D,DMS,A,129,-4.5855
173,pos173,A,D,DMS,A,173,-0.50801
194,pos194,A,D,DMS,A,194,-2.6396
206,pos206,A,D,DMS,A,206,-4.5855
210,pos210,A,D,DMS,A,210,-4.5855
211,pos211,A,D,DMS,A,211,-4.5855
234,pos234,A,D,DMS,A,234,-4.5855
255,pos255,A,D,DMS,A,255,-4.5855
260,pos260,A,D,DMS,A,260,-1.3667
266,pos266,A,D,DMS,A,266,-2.6396
285,pos285,A,D,DMS,A,285,-1.6411
7,pos7,A,E,DMS,A,7,-3.4869
191,pos191,A,E,DMS,A,191,-4.5855
193,pos193,A,E,DMS,A,193,-2.9761
7,pos7,A,G,DMS,A,7,-3.5451
70,pos70,A,G,DMS,A,70,-2.4465
94,pos94,A,G,DMS,A,94,-1.5992
116,pos116,A,G,DMS,A,116,-3.5451
129,pos129,A,G,DMS,A,129,-3.5451
173,pos173,A,G,DMS,A,173,-3.5451
191,pos191,A,G,DMS,A,191,-1.9357
193,pos193,A,G,DMS,A,193,-2.4465
194,pos194,A,G,DMS,A,194,-1.9357
206,pos206,A,G,DMS,A,206,-2.4465
210,pos210,A,G,DMS,A,210,-1.9357
211,pos211,A,G,DMS,A,211,-2.4465
234,pos234,A,G,DMS,A,234,-3.5451
255,pos255,A,G,DMS,A,255,-3.5451
260,pos260,A,G,DMS,A,260,-1.9357
266,pos266,A,G,DMS,A,266,-1.5992
285,pos285,A,G,DMS,A,285,-1.1472
7,pos7,A,P,DMS,A,7,-2.2271
70,pos70,A,P,DMS,A,70,-2.2271
94,pos94,A,P,DMS,A,94,-2.2271
116,pos116,A,P,DMS,A,116,-2.2271
129,pos129,A,P,DMS,A,129,-2.738
173,pos173,A,P,DMS,A,173,-1.4387
191,pos191,A,P,DMS,A,191,-2.2271
193,pos193,A,P,DMS,A,193,-0.89213
194,pos194,A,P,DMS,A,194,-2.738
206,pos206,A,P,DMS,A,206,-2.2271
210,pos210,A,P,DMS,A,210,-3.8366
211,pos211,A,P,DMS,A,211,-2.2271
234,pos234,A,P,DMS,A,234,-1.8907
255,pos255,A,P,DMS,A,255,-2.738
260,pos260,A,P,DMS,A,260,-1.8907
266,pos266,A,P,DMS,A,266,-1.6393
285,pos285,A,P,DMS,A,285,-1.1285
7,pos7,A,S,DMS,A,7,-2.2713
70,pos70,A,S,DMS,A,70,-2.4031
94,pos94,A,S,DMS,A,94,-2.4914
116,pos116,A,S,DMS,A,116,-3.0022
129,pos129,A,S,DMS,A,129,-3.2318
173,pos173,A,S,DMS,A,173,-2.5882
191,pos191,A,S,DMS,A,191,-2.1771
193,pos193,A,S,DMS,A,193,-2.4031
194,pos194,A,S,DMS,A,194,-1.9744
206,pos206,A,S,DMS,A,206,-2.8156
210,pos210,A,S,DMS,A,210,-4.1008
211,pos211,A,S,DMS,A,211,-2.9046
234,pos234,A,S,DMS,A,234,-2.5226
255,pos255,A,S,DMS,A,255,-4.2679
260,pos260,A,S,DMS,A,260,-2.5882
266,pos266,A,S,DMS,A,266,-2.7739
285,pos285,A,S,DMS,A,285,-2.5226
7,pos7,A,T,DMS,A,7,0.25174
70,pos70,A,T,DMS,A,70,-0.0088115
94,pos94,A,T,DMS,A,94,-0.2564
116,pos116,A,T,DMS,A,116,-0.9529
129,pos129,A,T,DMS,A,129,-1.7825
173,pos173,A,T,DMS,A,173,-1.3617
191,pos191,A,T,DMS,A,191,-0.11912
193,pos193,A,T,DMS,A,193,-0.1487
194,pos194,A,T,DMS,A,194,-1.4242
206,pos206,A,T,DMS,A,206,-4.8582
210,pos210,A,T,DMS,A,210,-3.1236
211,pos211,A,T,DMS,A,211,-4.3474
234,pos234,A,T,DMS,A,234,-0.63384
255,pos255,A,T,DMS,A,255,-3.2488
260,pos260,A,T,DMS,A,260,-1.2119
266,pos266,A,T,DMS,A,266,-2.065
285,pos285,A,T,DMS,A,285,-1.5874
7,pos7,A,V,DMS,A,7,-1.8792
70,pos70,A,V,DMS,A,70,-0.714
94,pos94,A,V,DMS,A,94,-0.48008
116,pos116,A,V,DMS,A,116,-0.33575
129,pos129,A,V,DMS,A,129,0.3356
173,pos173,A,V,DMS,A,173,-1.9078
191,pos191,A,V,DMS,A,191,0.54231
193,pos193,A,V,DMS,A,193,-0.62176
194,pos194,A,V,DMS,A,194,-1.9175
206,pos206,A,V,DMS,A,206,-5.0433
210,pos210,A,V,DMS,A,210,-4.4073
211,pos211,A,V,DMS,A,211,-7.2405
234,pos234,A,V,DMS,A,234,0.30224
255,pos255,A,V,DMS,A,255,-0.55714
260,pos260,A,V,DMS,A,260,0.7426
266,pos266,A,V,DMS,A,266,-1.6837
285,pos285,A,V,DMS,A,285,-0.75281
16,pos16,C,*,DMS,A,16,-3.584
22,pos22,C,*,DMS,A,22,-3.584
38,pos38,C,*,DMS,A,38,-3.584
44,pos44,C,*,DMS,A,44,-4.5855
85,pos85,C,*,DMS,A,85,-3.584
117,pos117,C,*,DMS,A,117,-3.584
128,pos128,C,*,DMS,A,128,-3.584
145,pos145,C,*,DMS,A,145,-3.584
156,pos156,C,*,DMS,A,156,-2.4854
160,pos160,C,*,DMS,A,160,-3.584
265,pos265,C,*,DMS,A,265,-3.584
300,pos300,C,*,DMS,A,300,-4.5855
16,pos16,C,C,DMS,A,16,-0.68827
22,pos22,C,C,DMS,A,22,-0.47238
38,pos38,C,C,DMS,A,38,0.069043
44,pos44,C,C,DMS,A,44,-0.045311
85,pos85,C,C,DMS,A,85,-0.5324
117,pos117,C,C,DMS,A,117,0.010887
128,pos128,C,C,DMS,A,128,-0.90241
145,pos145,C,C,DMS,A,145,-0.66446
156,pos156,C,C,DMS,A,156,0.35248
160,pos160,C,C,DMS,A,160,-0.51199
265,pos265,C,C,DMS,A,265,-0.57451
300,pos300,C,C,DMS,A,300,-0.22748
16,pos16,C,F,DMS,A,16,-6.6658
22,pos22,C,F,DMS,A,22,-6.6658
38,pos38,C,F,DMS,A,38,-4.2679
44,pos44,C,F,DMS,A,44,-5.5672
85,pos85,C,F,DMS,A,85,-4.7199
117,pos117,C,F,DMS,A,117,-5.0563
128,pos128,C,F,DMS,A,128,-5.0563
145,pos145,C,F,DMS,A,145,-5.0563
156,pos156,C,F,DMS,A,156,-2.5549
160,pos160,C,F,DMS,A,160,-0.65696
265,pos265,C,F,DMS,A,265,-4.1008
300,pos300,C,F,DMS,A,300,-5.0563
16,pos16,C,G,DMS,A,16,-2.0574
22,pos22,C,G,DMS,A,22,-3.156
38,pos38,C,G,DMS,A,38,0.85133
44,pos44,C,G,DMS,A,44,-3.156
85,pos85,C,G,DMS,A,85,-2.0574
117,pos117,C,G,DMS,A,117,-3.156
128,pos128,C,G,DMS,A,128,-3.156
145,pos145,C,G,DMS,A,145,-3.156
156,pos156,C,G,DMS,A,156,-0.95878
160,pos160,C,G,DMS,A,160,-2.0574
265,pos265,C,G,DMS,A,265,-2.0574
300,pos300,C,G,DMS,A,300,-2.0574
16,pos16,C,R,DMS,A,16,-4.0085
22,pos22,C,R,DMS,A,22,-3.4977
38,pos38,C,R,DMS,A,38,-5.1071
44,pos44,C,R,DMS,A,44,-4.0085
85,pos85,C,R,DMS,A,85,-4.0085
117,pos117,C,R,DMS,A,117,-5.1071
128,pos128,C,R,DMS,A,128,-4.0085
145,pos145,C,R,DMS,A,145,-3.4977
156,pos156,C,R,DMS,A,156,-0.29492
160,pos160,C,R,DMS,A,160,-4.0085
265,pos265,C,R,DMS,A,265,-2.9099
300,pos300,C,R,DMS,A,300,-5.1071
16,pos16,C,S,DMS,A,16,-1.8342
22,pos22,C,S,DMS,A,22,-2.4533
38,pos38,C,S,DMS,A,38,-0.90266
44,pos44,C,S,DMS,A,44,-2.7897
85,pos85,C,S,DMS,A,85,-2.4533
117,pos117,C,S,DMS,A,117,-0.96518
128,pos128,C,S,DMS,A,128,-1.3546
145,pos145,C,S,DMS,A,145,-4.3992
156,pos156,C,S,DMS,A,156,-1.6911
160,pos160,C,S,DMS,A,160,-1.3546
265,pos265,C,S,DMS,A,265,-2.4533
300,pos300,C,S,DMS,A,300,-0.90266
16,pos16,C,W,DMS,A,16,-2.0574
22,pos22,C,W,DMS,A,22,-3.156
38,pos38,C,W,DMS,A,38,-2.0574
44,pos44,C,W,DMS,A,44,-3.5451
85,pos85,C,W,DMS,A,85,-2.0574
117,pos117,C,W,DMS,A,117,-3.156
128,pos128,C,W,DMS,A,128,-3.156
145,pos145,C,W,DMS,A,145,-3.156
156,pos156,C,W,DMS,A,156,-0.44795
160,pos160,C,W,DMS,A,160,-3.156
265,pos265,C,W,DMS,A,265,-3.156
300,pos300,C,W,DMS,A,300,-3.5451
16,pos16,C,Y,DMS,A,16,-5.9568
22,pos22,C,Y,DMS,A,22,-4.8582
38,pos38,C,Y,DMS,A,38,-5.9568
44,pos44,C,Y,DMS,A,44,-4.8582
85,pos85,C,Y,DMS,A,85,-5.9568
117,pos117,C,Y,DMS,A,117,-5.9568
128,pos128,C,Y,DMS,A,128,-3.559
145,pos145,C,Y,DMS,A,145,-4.8582
156,pos156,C,Y,DMS,A,156,-0.7807
160,pos160,C,Y,DMS,A,160,-0.72574
265,pos265,C,Y,DMS,A,265,-4.8582
300,pos300,C,Y,DMS,A,300,-4.3474
33,pos33,D,A,DMS,A,33,0.44545
34,pos34,D,A,DMS,A,34,-0.22102
48,pos48,D,A,DMS,A,48,-0.62709
56,pos56,D,A,DMS,A,56,-3.1655
92,pos92,D,A,DMS,A,92,0.4981
153,pos153,D,A,DMS,A,153,-3.1655
155,pos155,D,A,DMS,A,155,-0.22102
176,pos176,D,A,DMS,A,176,-3.1655
187,pos187,D,A,DMS,A,187,-1.556
197,pos197,D,A,DMS,A,197,-3.1655
216,pos216,D,A,DMS,A,216,-3.1655
229,pos229,D,A,DMS,A,229,-3.1655
245,pos245,D,A,DMS,A,245,-2.0669
248,pos248,D,A,DMS,A,248,-0.60051
263,pos263,D,A,DMS,A,263,1.3004
289,pos289,D,A,DMS,A,289,-2.0669
295,pos295,D,A,DMS,A,295,-3.1655
33,pos33,D,D,DMS,A,33,1.2611
34,pos34,D,D,DMS,A,34,1.1372
48,pos48,D,D,DMS,A,48,0.31414
56,pos56,D,D,DMS,A,56,0.2061
92,pos92,D,D,DMS,A,92,1.8655
153,pos153,D,D,DMS,A,153,0.26353
155,pos155,D,D,DMS,A,155,-0.097671
176,pos176,D,D,DMS,A,176,0.80349
187,pos187,D,D,DMS,A,187,0.59271
197,pos197,D,D,DMS,A,197,-0.24565
216,pos216,D,D,DMS,A,216,1.0244
229,pos229,D,D,DMS,A,229,0.65046
245,pos245,D,D,DMS,A,245,0.58953
248,pos248,D,D,DMS,A,248,-0.48473
263,pos263,D,D,DMS,A,263,0.23523
289,pos289,D,D,DMS,A,289,0.88185
295,pos295,D,D,DMS,A,295,0.2159
33,pos33,D,E,DMS,A,33,-0.06158
34,pos34,D,E,DMS,A,34,-1.9361
48,pos48,D,E,DMS,A,48,-0.88478
56,pos56,D,E,DMS,A,56,-2.9703
92,pos92,D,E,DMS,A,92,-1.2357
153,pos153,D,E,DMS,A,153,-0.70162
155,pos155,D,E,DMS,A,155,-0.34793
176,pos176,D,E,DMS,A,176,-3.2711
187,pos187,D,E,DMS,A,187,-4.8805
197,pos197,D,E,DMS,A,197,-1.9361
216,pos216,D,E,DMS,A,216,-1.3252
229,pos229,D,E,DMS,A,229,-0.64643
245,pos245,D,E,DMS,A,245,-1.9361
248,pos248,D,E,DMS,A,248,-2.6833
263,pos263,D,E,DMS,A,263,-0.30771
289,pos289,D,E,DMS,A,289,-4.0689
295,pos295,D,E,DMS,A,295,-2.4595
33,pos33,D,G,DMS,A,33,0.020219
34,pos34,D,G,DMS,A,34,-0.84546
48,pos48,D,G,DMS,A,48,-1.5305
56,pos56,D,G,DMS,A,56,-5.1893
92,pos92,D,G,DMS,A,92,0.74827
153,pos153,D,G,DMS,A,153,0.1998
155,pos155,D,G,DMS,A,155,-0.55454
176,pos176,D,G,DMS,A,176,-4.0907
187,pos187,D,G,DMS,A,187,-2.7914
197,pos197,D,G,DMS,A,197,-5.1893
216,pos216,D,G,DMS,A,216,-4.0907
229,pos229,D,G,DMS,A,229,-4.0907
245,pos245,D,G,DMS,A,245,-2.3561
248,pos248,D,G,DMS,A,248,-2.3561
263,pos263,D,G,DMS,A,263,0.47022
289,pos289,D,G,DMS,A,289,-5.1893
295,pos295,D,G,DMS,A,295,-4.0907
33,pos33,D,H,DMS,A,33,-1.8907
34,pos34,D,H,DMS,A,34,-2.2271
48,pos48,D,H,DMS,A,48,-1.7218
56,pos56,D,H,DMS,A,56,-2.738
92,pos92,D,H,DMS,A,92,-3.8366
153,pos153,D,H,DMS,A,153,-1.6393
155,pos155,D,H,DMS,A,155,-1.1285
176,pos176,D,H,DMS,A,176,-2.2271
187,pos187,D,H,DMS,A,187,-2.738
197,pos197,D,H,DMS,A,197,-2.2271
216,pos216,D,H,DMS,A,216,-1.4387
229,pos229,D,H,DMS,A,229,-2.2271
245,pos245,D,H,DMS,A,245,-1.8907
248,pos248,D,H,DMS,A,248,-2.738
263,pos263,D,H,DMS,A,263,-2.2271
289,pos289,D,H,DMS,A,289,-2.738
295,pos295,D,H,DMS,A,295,-3.8366
33,pos33,D,N,DMS,A,33,-1.7227
34,pos34,D,N,DMS,A,34,-1.6394
48,pos48,D,N,DMS,A,48,-0.95147
56,pos56,D,N,DMS,A,56,-2.4603
92,pos92,D,N,DMS,A,92,-1.6942
153,pos153,D,N,DMS,A,153,-2.5229
155,pos155,D,N,DMS,A,155,-1.284
176,pos176,D,N,DMS,A,176,-5.9568
187,pos187,D,N,DMS,A,187,-5.9568
197,pos197,D,N,DMS,A,197,-1.2655
216,pos216,D,N,DMS,A,216,-1.5142
229,pos229,D,N,DMS,A,229,-4.8582
245,pos245,D,N,DMS,A,245,-1.613
248,pos248,D,N,DMS,A,248,-2.1956
263,pos263,D,N,DMS,A,263,-1.2295
289,pos289,D,N,DMS,A,289,-5.9568
295,pos295,D,N,DMS,A,295,-4.3474
33,pos33,D,V,DMS,A,33,-2.0038
34,pos34,D,V,DMS,A,34,-3.9498
48,pos48,D,V,DMS,A,48,-3.795
56,pos56,D,V,DMS,A,56,-2.8511
92,pos92,D,V,DMS,A,92,-1.2417
153,pos153,D,V,DMS,A,153,-2.3403
155,pos155,D,V,DMS,A,155,-2.3403
176,pos176,D,V,DMS,A,176,-3.9498
187,pos187,D,V,DMS,A,187,-3.9498
197,pos197,D,V,DMS,A,197,-2.8511
216,pos216,D,V,DMS,A,216,-3.9498
229,pos229,D,V,DMS,A,229,-2.8511
245,pos245,D,V,DMS,A,245,-3.9498
248,pos248,D,V,DMS,A,248,-2.3403
263,pos263,D,V,DMS,A,263,-2.0038
289,pos289,D,V,DMS,A,289,-3.9498
295,pos295,D,V,DMS,A,295,-3.9498
33,pos33,D,Y,DMS,A,33,-2.0706
34,pos34,D,Y,DMS,A,34,-4.2679
48,pos48,D,Y,DMS,A,48,-2.8762
56,pos56,D,Y,DMS,A,56,-4.7199
92,pos92,D,Y,DMS,A,92,-2.8156
153,pos153,D,Y,DMS,A,153,-4.4685
155,pos155,D,Y,DMS,A,155,-4.1008
176,pos176,D,Y,DMS,A,176,-5.0563
187,pos187,D,Y,DMS,A,187,-3.9577
197,pos197,D,Y,DMS,A,197,-3.3699
216,pos216,D,Y,DMS,A,216,-4.2679
229,pos229,D,Y,DMS,A,229,-6.6658
245,pos245,D,Y,DMS,A,245,-3.5303
248,pos248,D,Y,DMS,A,248,-2.9522
263,pos263,D,Y,DMS,A,263,-3.2318
289,pos289,D,Y,DMS,A,289,-5.0563
295,pos295,D,Y,DMS,A,295,-5.5672
14,pos14,E,*,DMS,A,14,-5.5672
47,pos47,E,*,DMS,A,47,-5.5672
55,pos55,E,*,DMS,A,55,-6.6658
166,pos166,E,*,DMS,A,166,-5.5672
178,pos178,E,*,DMS,A,178,-5.5672
240,pos240,E,*,DMS,A,240,-4.4685
270,pos270,E,*,DMS,A,270,-5.5672
288,pos288,E,*,DMS,A,288,-6.6658
290,pos290,E,*,DMS,A,290,-5.5672
14,pos14,E,A,DMS,A,14,-2.0669
47,pos47,E,A,DMS,A,47,1.2534
55,pos55,E,A,DMS,A,55,-2.0669
166,pos166,E,A,DMS,A,166,-1.2196
178,pos178,E,A,DMS,A,178,-0.029969
240,pos240,E,A,DMS,A,240,-1.2196
270,pos270,E,A,DMS,A,270,0.44545
288,pos288,E,A,DMS,A,288,-3.1655
290,pos290,E,A,DMS,A,290,-3.1655
14,pos14,E,D,DMS,A,14,-3.8887
47,pos47,E,D,DMS,A,47,0.031366
55,pos55,E,D,DMS,A,55,-0.1693
166,pos166,E,D,DMS,A,166,-3.2138
178,pos178,E,D,DMS,A,178,0.031366
240,pos240,E,D,DMS,A,240,-4.3124
270,pos270,E,D,DMS,A,270,0.0050489
288,pos288,E,D,DMS,A,288,-0.30511
290,pos290,E,D,DMS,A,290,-3.2138
14,pos14,E,E,DMS,A,14,-0.54967
47,pos47,E,E,DMS,A,47,-0.17199
55,pos55,E,E,DMS,A,55,0.6772
166,pos166,E,E,DMS,A,166,0.25315
178,pos178,E,E,DMS,A,178,-0.34508
240,pos240,E,E,DMS,A,240,-0.98457
270,pos270,E,E,DMS,A,270,-0.29892
288,pos288,E,E,DMS,A,288,-0.31407
290,pos290,E,E,DMS,A,290,-0.059368
14,pos14,E,G,DMS,A,14,-4.0907
47,pos47,E,G,DMS,A,47,-0.65667
55,pos55,E,G,DMS,A,55,-3.2434
166,pos166,E,G,DMS,A,166,-2.992
178,pos178,E,G,DMS,A,178,-1.7553
240,pos240,E,G,DMS,A,240,-4.0907
270,pos270,E,G,DMS,A,270,-1.0784
288,pos288,E,G,DMS,A,288,-3.2434
290,pos290,E,G,DMS,A,290,-5.1893
14,pos14,E,K,DMS,A,14,-5.9568
47,pos47,E,K,DMS,A,47,-1.284
55,pos55,E,K,DMS,A,55,-4.8582
166,pos166,E,K,DMS,A,166,-4.3474
178,pos178,E,K,DMS,A,178,-5.9568
240,pos240,E,K,DMS,A,240,-4.8582
270,pos270,E,K,DMS,A,270,-5.9568
288,pos288,E,K,DMS,A,288,-4.3474
290,pos290,E,K,DMS,A,290,-5.9568
14,pos14,E,Q,DMS,A,14,-3.8366
47,pos47,E,Q,DMS,A,47,-1.4387
55,pos55,E,Q,DMS,A,55,-3.8366
166,pos166,E,Q,DMS,A,166,-2.738
178,pos178,E,Q,DMS,A,178,-1.8907
240,pos240,E,Q,DMS,A,240,-1.8907
270,pos270,E,Q,DMS,A,270,-2.738
288,pos288,E,Q,DMS,A,288,-2.2271
290,pos290,E,Q,DMS,A,290,-3.8366
14,pos14,E,V,DMS,A,14,-3.9498
47,pos47,E,V,DMS,A,47,-1.1165
55,pos55,E,V,DMS,A,55,-2.8511
166,pos166,E,V,DMS,A,166,-0.81426
178,pos178,E,V,DMS,A,178,-2.8511
240,pos240,E,V,DMS,A,240,-3.9498
270,pos270,E,V,DMS,A,270,-1.5519
288,pos288,E,V,DMS,A,288,-2.8511
290,pos290,E,V,DMS,A,290,-3.9498
3,pos3,F,C,DMS,A,3,-1.5466
8,pos8,F,C,DMS,A,8,-1.5466
66,pos66,F,C,DMS,A,66,-3.156
89,pos89,F,C,DMS,A,89,-0.32749
103,pos103,F,C,DMS,A,103,0.6052
112,pos112,F,C,DMS,A,112,-2.0574
134,pos134,F,C,DMS,A,134,0.21129
140,pos140,F,C,DMS,A,140,-3.156
150,pos150,F,C,DMS,A,150,-3.156
159,pos159,F,C,DMS,A,159,-3.156
181,pos181,F,C,DMS,A,181,-3.156
185,pos185,F,C,DMS,A,185,-3.156
219,pos219,F,C,DMS,A,219,-3.156
223,pos223,F,C,DMS,A,223,0.062873
230,pos230,F,C,DMS,A,230,-2.0574
291,pos291,F,C,DMS,A,291,-2.0574
294,pos294,F,C,DMS,A,294,-3.156
305,pos305,F,C,DMS,A,305,-0.59105
3,pos3,F,F,DMS,A,3,-0.5324
8,pos8,F,F,DMS,A,8,0.80156
66,pos66,F,F,DMS,A,66,1.031
89,pos89,F,F,DMS,A,89,-1.1311
103,pos103,F,F,DMS,A,103,-0.17263
112,pos112,F,F,DMS,A,112,-1.2153
134,pos134,F,F,DMS,A,134,0.88247
140,pos140,F,F,DMS,A,140,-1.1246
150,pos150,F,F,DMS,A,150,-1.0296
159,pos159,F,F,DMS,A,159,-0.7633
181,pos181,F,F,DMS,A,181,-0.59625
185,pos185,F,F,DMS,A,185,-0.73766
219,pos219,F,F,DMS,A,219,-0.47238
223,pos223,F,F,DMS,A,223,0.069043
230,pos230,F,F,DMS,A,230,-0.14426
291,pos291,F,F,DMS,A,291,-0.11667
294,pos294,F,F,DMS,A,294,-0.34493
305,pos305,F,F,DMS,A,305,0.95732
3,pos3,F,I,DMS,A,3,-1.6381
8,pos8,F,I,DMS,A,8,-2.4854
66,pos66,F,I,DMS,A,66,-3.584
89,pos89,F,I,DMS,A,89,-0.41692
103,pos103,F,I,DMS,A,103,-2.4854
112,pos112,F,I,DMS,A,112,-2.4854
134,pos134,F,I,DMS,A,134,-3.584
140,pos140,F,I,DMS,A,140,-3.584
150,pos150,F,I,DMS,A,150,-3.584
159,pos159,F,I,DMS,A,159,-1.6381
181,pos181,F,I,DMS,A,181,-2.4854
185,pos185,F,I,DMS,A,185,-2.4854
219,pos219,F,I,DMS,A,219,-3.584
223,pos223,F,I,DMS,A,223,-1.1861
230,pos230,F,I,DMS,A,230,-2.4854
291,pos291,F,I,DMS,A,291,-2.4854
294,pos294,F,I,DMS,A,294,-1.9745
305,pos305,F,I,DMS,A,305,-1.9745
3,pos3,F,L,DMS,A,3,-2.5725
8,pos8,F,L,DMS,A,8,0.17079
66,pos66,F,L,DMS,A,66,-3.7441
89,pos89,F,L,DMS,A,89,-0.64436
103,pos103,F,L,DMS,A,103,-0.79064
112,pos112,F,L,DMS,A,112,-1.6922
134,pos134,F,L,DMS,A,134,-1.4559
140,pos140,F,L,DMS,A,140,-4.0806
150,pos150,F,L,DMS,A,150,-4.3071
159,pos159,F,L,DMS,A,159,-0.67837
181,pos181,F,L,DMS,A,181,-2.2703
185,pos185,F,L,DMS,A,185,-3.0079
219,pos219,F,L,DMS,A,219,-3.7963
223,pos223,F,L,DMS,A,223,0.64161
230,pos230,F,L,DMS,A,230,-2.5725
291,pos291,F,L,DMS,A,291,-4.3071
294,pos294,F,L,DMS,A,294,-2.1099
305,pos305,F,L,DMS,A,305,-1.6125
3,pos3,F,S,DMS,A,3,-4.0085
8,pos8,F,S,DMS,A,8,-1.7398
66,pos66,F,S,DMS,A,66,-5.1071
89,pos89,F,S,DMS,A,89,-1.1311
103,pos103,F,S,DMS,A,103,-2.7092
112,pos112,F,S,DMS,A,112,-3.4977
134,pos134,F,S,DMS,A,134,-0.7633
140,pos140,F,S,DMS,A,140,-3.4977
150,pos150,F,S,DMS,A,150,-5.1071
159,pos159,F,S,DMS,A,159,-3.1612
181,pos181,F,S,DMS,A,181,-2.9099
185,pos185,F,S,DMS,A,185,-3.4977
219,pos219,F,S,DMS,A,219,-5.1071
223,pos223,F,S,DMS,A,223,-0.49199
230,pos230,F,S,DMS,A,230,-4.0085
291,pos291,F,S,DMS,A,291,-5.1071
294,pos294,F,S,DMS,A,294,-4.0085
305,pos305,F,S,DMS,A,305,0.47262
3,pos3,F,V,DMS,A,3,-2.0574
8,pos8,F,V,DMS,A,8,-1.5466
66,pos66,F,V,DMS,A,66,-2.0574
89,pos89,F,V,DMS,A,89,-0.32749
103,pos103,F,V,DMS,A,103,-0.75811
112,pos112,F,V,DMS,A,112,-2.0574
134,pos134,F,V,DMS,A,134,-3.156
140,pos140,F,V,DMS,A,140,-3.156
150,pos150,F,V,DMS,A,150,-2.0574
159,pos159,F,V,DMS,A,159,-1.2101
181,pos181,F,V,DMS,A,181,-1.5466
185,pos185,F,V,DMS,A,185,-3.156
219,pos219,F,V,DMS,A,219,-1.5466
223,pos223,F,V,DMS,A,223,0.73582
230,pos230,F,V,DMS,A,230,-3.156
291,pos291,F,V,DMS,A,291,-3.156
294,pos294,F,V,DMS,A,294,-1.5466
305,pos305,F,V,DMS,A,305,-3.156
3,pos3,F,Y,DMS,A,3,-3.584
8,pos8,F,Y,DMS,A,8,-0.87594
66,pos66,F,Y,DMS,A,66,-3.584
89,pos89,F,Y,DMS,A,89,-0.41692
103,pos103,F,Y,DMS,A,103,-2.4854
112,pos112,F,Y,DMS,A,112,-3.584
134,pos134,F,Y,DMS,A,134,-1.1861
140,pos140,F,Y,DMS,A,140,-3.584
150,pos150,F,Y,DMS,A,150,-2.4854
159,pos159,F,Y,DMS,A,159,-2.4854
181,pos181,F,Y,DMS,A,181,-3.584
185,pos185,F,Y,DMS,A,185,-1.019
219,pos219,F,Y,DMS,A,219,-3.584
223,pos223,F,Y,DMS,A,223,-0.44849
230,pos230,F,Y,DMS,A,230,-3.584
291,pos291,F,Y,DMS,A,291,-1.9745
294,pos294,F,Y,DMS,A,294,-3.584
305,pos305,F,Y,DMS,A,305,-1.9745
79,pos79,G,*,DMS,A,79,-6.6658
109,pos109,G,*,DMS,A,109,-5.0563
170,pos170,G,*,DMS,A,170,-5.5672
183,pos183,G,*,DMS,A,183,-4.7199
215,pos215,G,*,DMS,A,215,-3.9577
251,pos251,G,*,DMS,A,251,-5.5672
258,pos258,G,*,DMS,A,258,-5.5672
278,pos278,G,*,DMS,A,278,-4.4685
2,pos2,G,A,DMS,A,2,-3.8366
11,pos11,G,A,DMS,A,11,-2.2271
15,pos15,G,A,DMS,A,15,-2.738
23,pos23,G,A,DMS,A,23,-2.738
29,pos29,G,A,DMS,A,29,-2.738
71,pos71,G,A,DMS,A,71,-3.8366
79,pos79,G,A,DMS,A,79,-3.8366
109,pos109,G,A,DMS,A,109,-2.738
120,pos120,G,A,DMS,A,120,-3.8366
124,pos124,G,A,DMS,A,124,-3.8366
138,pos138,G,A,DMS,A,138,-2.738
143,pos143,G,A,DMS,A,143,-3.8366
146,pos146,G,A,DMS,A,146,-2.738
149,pos149,G,A,DMS,A,149,-2.738
170,pos170,G,A,DMS,A,170,-1.2716
174,pos174,G,A,DMS,A,174,-3.8366
179,pos179,G,A,DMS,A,179,-3.8366
183,pos183,G,A,DMS,A,183,-2.738
195,pos195,G,A,DMS,A,195,-2.2271
215,pos215,G,A,DMS,A,215,-2.2271
251,pos251,G,A,DMS,A,251,-1.8907
258,pos258,G,A,DMS,A,258,-2.738
275,pos275,G,A,DMS,A,275,-2.738
278,pos278,G,A,DMS,A,278,-2.2271
283,pos283,G,A,DMS,A,283,-2.738
302,pos302,G,A,DMS,A,302,-2.2271
2,pos2,G,C,DMS,A,2,-5.0563
11,pos11,G,C,DMS,A,11,-5.0563
15,pos15,G,C,DMS,A,15,-1.9036
23,pos23,G,C,DMS,A,23,-2.5882
29,pos29,G,C,DMS,A,29,-5.5672
71,pos71,G,C,DMS,A,71,-2.7339
120,pos120,G,C,DMS,A,120,-6.6658
124,pos124,G,C,DMS,A,124,-4.1008
138,pos138,G,C,DMS,A,138,-5.5672
143,pos143,G,C,DMS,A,143,-5.0563
146,pos146,G,C,DMS,A,146,-6.6658
149,pos149,G,C,DMS,A,149,-5.0563
174,pos174,G,C,DMS,A,174,-6.6658
179,pos179,G,C,DMS,A,179,-4.7199
195,pos195,G,C,DMS,A,195,-3.5303
275,pos275,G,C,DMS,A,275,-6.6658
283,pos283,G,C,DMS,A,283,-2.5549
302,pos302,G,C,DMS,A,302,-3.0022
2,pos2,G,D,DMS,A,2,-5.9568
11,pos11,G,D,DMS,A,11,-4.8582
15,pos15,G,D,DMS,A,15,-1.2119
23,pos23,G,D,DMS,A,23,-2.1067
29,pos29,G,D,DMS,A,29,-5.9568
71,pos71,G,D,DMS,A,71,-1.403
120,pos120,G,D,DMS,A,120,-5.9568
124,pos124,G,D,DMS,A,124,-4.8582
138,pos138,G,D,DMS,A,138,-4.8582
143,pos143,G,D,DMS,A,143,-4.8582
146,pos146,G,D,DMS,A,146,-4.8582
149,pos149,G,D,DMS,A,149,-5.9568
174,pos174,G,D,DMS,A,174,-4.8582
179,pos179,G,D,DMS,A,179,-4.8582
195,pos195,G,D,DMS,A,195,-1.5874
275,pos275,G,D,DMS,A,275,-4.8582
283,pos283,G,D,DMS,A,283,-0.87544
302,pos302,G,D,DMS,A,302,-4.8582
79,pos79,G,E,DMS,A,79,-4.8582
109,pos109,G,E,DMS,A,109,-5.9568
170,pos170,G,E,DMS,A,170,-5.9568
183,pos183,G,E,DMS,A,183,-4.8582
215,pos215,G,E,DMS,A,215,-2.3459
251,pos251,G,E,DMS,A,251,-2.1502
258,pos258,G,E,DMS,A,258,-2.8214
278,pos278,G,E,DMS,A,278,-1.403
2,pos2,G,G,DMS,A,2,-0.81064
11,pos11,G,G,DMS,A,11,-0.67837
15,pos15,G,G,DMS,A,15,-1.062
23,pos23,G,G,DMS,A,23,-0.21837
29,pos29,G,G,DMS,A,29,-0.37532
71,pos71,G,G,DMS,A,71,-0.42902
79,pos79,G,G,DMS,A,79,-0.84188
109,pos109,G,G,DMS,A,109,-1.0224
120,pos120,G,G,DMS,A,120,-1.1431
124,pos124,G,G,DMS,A,124,-1.2011
138,pos138,G,G,DMS,A,138,-0.67837
143,pos143,G,G,DMS,A,143,-0.96311
146,pos146,G,G,DMS,A,146,-1.9093
149,pos149,G,G,DMS,A,149,-0.91712
170,pos170,G,G,DMS,A,170,-0.073643
174,pos174,G,G,DMS,A,174,-0.7634
179,pos179,G,G,DMS,A,179,-1.1431
183,pos183,G,G,DMS,A,183,-0.64288
195,pos195,G,G,DMS,A,195,-0.34951
215,pos215,G,G,DMS,A,215,-0.090811
251,pos251,G,G,DMS,A,251,-1.0446
258,pos258,G,G,DMS,A,258,-0.17194
275,pos275,G,G,DMS,A,275,-1.3627
278,pos278,G,G,DMS,A,278,-0.37994
283,pos283,G,G,DMS,A,283,-1.6922
302,pos302,G,G,DMS,A,302,-0.91712
2,pos2,G,R,DMS,A,2,-2.738
11,pos11,G,R,DMS,A,11,-3.8366
15,pos15,G,R,DMS,A,15,-3.8366
23,pos23,G,R,DMS,A,23,-3.8366
29,pos29,G,R,DMS,A,29,-3.8366
71,pos71,G,R,DMS,A,71,-1.8907
79,pos79,G,R,DMS,A,79,-3.8706
109,pos109,G,R,DMS,A,109,-1.6984
120,pos120,G,R,DMS,A,120,-3.8366
124,pos124,G,R,DMS,A,124,-3.8366
138,pos138,G,R,DMS,A,138,-3.8366
143,pos143,G,R,DMS,A,143,-3.8366
146,pos146,G,R,DMS,A,146,-2.738
149,pos149,G,R,DMS,A,149,-2.738
170,pos170,G,R,DMS,A,170,-2.849
174,pos174,G,R,DMS,A,174,-2.738
179,pos179,G,R,DMS,A,179,-3.8366
183,pos183,G,R,DMS,A,183,-6.0679
195,pos195,G,R,DMS,A,195,-1.8907
215,pos215,G,R,DMS,A,215,-1.2395
251,pos251,G,R,DMS,A,251,-0.5998
258,pos258,G,R,DMS,A,258,-3.8706
275,pos275,G,R,DMS,A,275,-3.8366
278,pos278,G,R,DMS,A,278,-1.3405
283,pos283,G,R,DMS,A,283,-2.2271
302,pos302,G,R,DMS,A,302,-2.2271
2,pos2,G,S,DMS,A,2,-4.8582
11,pos11,G,S,DMS,A,11,-2.738
15,pos15,G,S,DMS,A,15,0.04209
23,pos23,G,S,DMS,A,23,-0.9006
29,pos29,G,S,DMS,A,29,-4.0109
71,pos71,G,S,DMS,A,71,-0.54075
120,pos120,G,S,DMS,A,120,-3.1236
124,pos124,G,S,DMS,A,124,-4.0109
138,pos138,G,S,DMS,A,138,-3.559
143,pos143,G,S,DMS,A,143,-4.8582
146,pos146,G,S,DMS,A,146,-4.0109
149,pos149,G,S,DMS,A,149,-4.8582
174,pos174,G,S,DMS,A,174,-5.9568
179,pos179,G,S,DMS,A,179,-3.7596
195,pos195,G,S,DMS,A,195,-1.1947
275,pos275,G,S,DMS,A,275,-1.5142
283,pos283,G,S,DMS,A,283,0.1185
302,pos302,G,S,DMS,A,302,-2.9123
2,pos2,G,V,DMS,A,2,-5.0563
11,pos11,G,V,DMS,A,11,-5.0563
15,pos15,G,V,DMS,A,15,-2.3483
23,pos23,G,V,DMS,A,23,-2.4317
29,pos29,G,V,DMS,A,29,-6.6658
71,pos71,G,V,DMS,A,71,-1.8536
79,pos79,G,V,DMS,A,79,-6.6658
109,pos109,G,V,DMS,A,109,-5.0563
120,pos120,G,V,DMS,A,120,-5.5672
124,pos124,G,V,DMS,A,124,-6.6658
138,pos138,G,V,DMS,A,138,-4.4685
143,pos143,G,V,DMS,A,143,-6.6658
146,pos146,G,V,DMS,A,146,-4.7199
149,pos149,G,V,DMS,A,149,-3.7213
170,pos170,G,V,DMS,A,170,-3.3699
174,pos174,G,V,DMS,A,174,-5.0563
179,pos179,G,V,DMS,A,179,-4.4685
183,pos183,G,V,DMS,A,183,-4.2679
195,pos195,G,V,DMS,A,195,-4.1008
215,pos215,G,V,DMS,A,215,-5.5672
251,pos251,G,V,DMS,A,251,-3.5303
258,pos258,G,V,DMS,A,258,-6.6658
275,pos275,G,V,DMS,A,275,-5.5672
278,pos278,G,V,DMS,A,278,-4.7199
283,pos283,G,V,DMS,A,283,-5.0563
302,pos302,G,V,DMS,A,302,-5.5672
41,pos41,H,D,DMS,A,41,-3.5451
64,pos64,H,D,DMS,A,64,-3.5451
80,pos80,H,D,DMS,A,80,-3.5451
132,pos132,H,D,DMS,A,132,-2.8884
163,pos163,H,D,DMS,A,163,-3.5451
164,pos164,H,D,DMS,A,164,-3.5451
172,pos172,H,D,DMS,A,172,-3.5451
246,pos246,H,D,DMS,A,246,0.34671
41,pos41,H,H,DMS,A,41,0.49501
64,pos64,H,H,DMS,A,64,0.50966
80,pos80,H,H,DMS,A,80,-0.32798
132,pos132,H,H,DMS,A,132,0.22382
163,pos163,H,H,DMS,A,163,-0.10243
164,pos164,H,H,DMS,A,164,0.56622
172,pos172,H,H,DMS,A,172,0.124
246,pos246,H,H,DMS,A,246,0.069043
41,pos41,H,L,DMS,A,41,-3.9498
64,pos64,H,L,DMS,A,64,-3.9498
80,pos80,H,L,DMS,A,80,-2.8511
132,pos132,H,L,DMS,A,132,-1.7214
163,pos163,H,L,DMS,A,163,-3.9498
164,pos164,H,L,DMS,A,164,-3.9498
172,pos172,H,L,DMS,A,172,-2.3403
246,pos246,H,L,DMS,A,246,-0.28619
41,pos41,H,N,DMS,A,41,-4.5855
64,pos64,H,N,DMS,A,64,-3.4869
80,pos80,H,N,DMS,A,80,-1.8775
132,pos132,H,N,DMS,A,132,-2.0725
163,pos163,H,N,DMS,A,163,-4.5855
164,pos164,H,N,DMS,A,164,-3.4869
172,pos172,H,N,DMS,A,172,-4.5855
246,pos246,H,N,DMS,A,246,-0.16671
41,pos41,H,P,DMS,A,41,-3.1655
64,pos64,H,P,DMS,A,64,-3.1655
80,pos80,H,P,DMS,A,80,-3.1655
163,pos163,H,P,DMS,A,163,-3.1655
164,pos164,H,P,DMS,A,164,-3.1655
172,pos172,H,P,DMS,A,172,-3.1655
246,pos246,H,P,DMS,A,246,-3.1655
41,pos41,H,Q,DMS,A,41,-2.4595
64,pos64,H,Q,DMS,A,64,-4.0689
80,pos80,H,Q,DMS,A,80,-2.123
132,pos132,H,Q,DMS,A,132,-1.5766
163,pos163,H,Q,DMS,A,163,-3.7819
164,pos164,H,Q,DMS,A,164,-4.0689
172,pos172,H,Q,DMS,A,172,-2.9703
246,pos246,H,Q,DMS,A,246,-0.21877
41,pos41,H,R,DMS,A,41,-4.0907
64,pos64,H,R,DMS,A,64,-5.1893
80,pos80,H,R,DMS,A,80,-5.1893
132,pos132,H,R,DMS,A,132,-1.7391
163,pos163,H,R,DMS,A,163,-5.1893
164,pos164,H,R,DMS,A,164,-4.0907
172,pos172,H,R,DMS,A,172,-5.1893
246,pos246,H,R,DMS,A,246,-1.1819
41,pos41,H,Y,DMS,A,41,-5.6311
64,pos64,H,Y,DMS,A,64,-2.6866
80,pos80,H,Y,DMS,A,80,-4.105
132,pos132,H,Y,DMS,A,132,-0.3048
163,pos163,H,Y,DMS,A,163,-4.8426
164,pos164,H,Y,DMS,A,164,-6.1419
172,pos172,H,Y,DMS,A,172,-4.8426
246,pos246,H,Y,DMS,A,246,0.3609
43,pos43,I,F,DMS,A,43,-2.8511
59,pos59,I,F,DMS,A,59,-3.9498
78,pos78,I,F,DMS,A,78,-2.8511
106,pos106,I,F,DMS,A,106,-1.1165
136,pos136,I,F,DMS,A,136,-2.3403
200,pos200,I,F,DMS,A,200,-3.9498
259,pos259,I,F,DMS,A,259,-1.7525
43,pos43,I,I,DMS,A,43,-0.040244
59,pos59,I,I,DMS,A,59,-0.88052
78,pos78,I,I,DMS,A,78,0.080538
106,pos106,I,I,DMS,A,106,0.28789
136,pos136,I,I,DMS,A,136,-0.66463
152,pos152,I,I,DMS,A,152,-1.9145
200,pos200,I,I,DMS,A,200,-0.28208
213,pos213,I,I,DMS,A,213,-1.2679
249,pos249,I,I,DMS,A,249,-1.6044
259,pos259,I,I,DMS,A,259,0.071279
281,pos281,I,I,DMS,A,281,-1.4792
152,pos152,I,K,DMS,A,152,-2.4854
213,pos213,I,K,DMS,A,213,-1.1861
249,pos249,I,K,DMS,A,249,-3.584
281,pos281,I,K,DMS,A,281,-3.584
43,pos43,I,L,DMS,A,43,0.97767
59,pos59,I,L,DMS,A,59,-0.96824
78,pos78,I,L,DMS,A,78,-1.2196
106,pos106,I,L,DMS,A,106,-0.76757
136,pos136,I,L,DMS,A,136,-3.1655
152,pos152,I,L,DMS,A,152,-1.4792
200,pos200,I,L,DMS,A,200,-3.1655
213,pos213,I,L,DMS,A,213,-2.3665
249,pos249,I,L,DMS,A,249,-0.30511
259,pos259,I,L,DMS,A,259,1.152
281,pos281,I,L,DMS,A,281,-1.7475
43,pos43,I,M,DMS,A,43,-3.5451
59,pos59,I,M,DMS,A,59,-0.95878
78,pos78,I,M,DMS,A,78,-0.75811
106,pos106,I,M,DMS,A,106,-0.11148
136,pos136,I,M,DMS,A,136,-3.156
152,pos152,I,M,DMS,A,152,-2.1447
200,pos200,I,M,DMS,A,200,-3.156
213,pos213,I,M,DMS,A,213,-0.84546
249,pos249,I,M,DMS,A,249,-2.7914
259,pos259,I,M,DMS,A,259,-0.95878
281,pos281,I,M,DMS,A,281,-2.2448
43,pos43,I,N,DMS,A,43,-2.4854
59,pos59,I,N,DMS,A,59,-3.584
78,pos78,I,N,DMS,A,78,-1.1861
106,pos106,I,N,DMS,A,106,-3.584
136,pos136,I,N,DMS,A,136,-3.584
200,pos200,I,N,DMS,A,200,-3.584
259,pos259,I,N,DMS,A,259,-3.584
152,pos152,I,R,DMS,A,152,-3.156
213,pos213,I,R,DMS,A,213,-3.156
249,pos249,I,R,DMS,A,249,-2.0574
281,pos281,I,R,DMS,A,281,-3.156
43,pos43,I,S,DMS,A,43,-3.156
59,pos59,I,S,DMS,A,59,-2.0574
78,pos78,I,S,DMS,A,78,0.77582
106,pos106,I,S,DMS,A,106,-0.32279
136,pos136,I,S,DMS,A,136,-3.156
200,pos200,I,S,DMS,A,200,-3.156
259,pos259,I,S,DMS,A,259,-3.156
43,pos43,I,T,DMS,A,43,-2.1627
59,pos59,I,T,DMS,A,59,-3.4977
78,pos78,I,T,DMS,A,78,-0.20183
106,pos106,I,T,DMS,A,106,-0.81665
136,pos136,I,T,DMS,A,136,-2.5422
152,pos152,I,T,DMS,A,152,-1.3004
200,pos200,I,T,DMS,A,200,-3.4977
213,pos213,I,T,DMS,A,213,0.59334
249,pos249,I,T,DMS,A,249,-0.24729
259,pos259,I,T,DMS,A,259,-0.6412
281,pos281,I,T,DMS,A,281,-3.1612
43,pos43,I,V,DMS,A,43,0.19063
59,pos59,I,V,DMS,A,59,-1.6339
78,pos78,I,V,DMS,A,78,1.5065
106,pos106,I,V,DMS,A,106,-0.059368
136,pos136,I,V,DMS,A,136,-1.1462
152,pos152,I,V,DMS,A,152,-0.46188
200,pos200,I,V,DMS,A,200,-2.2448
213,pos213,I,V,DMS,A,213,0.69406
249,pos249,I,V,DMS,A,249,-0.31407
259,pos259,I,V,DMS,A,259,0.15307
281,pos281,I,V,DMS,A,281,0.05248
5,pos5,K,*,DMS,A,5,-3.9498
12,pos12,K,*,DMS,A,12,-3.9498
61,pos61,K,*,DMS,A,61,-3.9498
88,pos88,K,*,DMS,A,88,-3.9498
90,pos90,K,*,DMS,A,90,-3.9498
97,pos97,K,*,DMS,A,97,-3.9498
100,pos100,K,*,DMS,A,100,-3.9498
102,pos102,K,*,DMS,A,102,-3.9498
137,pos137,K,*,DMS,A,137,-2.3403
236,pos236,K,*,DMS,A,236,-3.9498
269,pos269,K,*,DMS,A,269,-3.9498
5,pos5,K,E,DMS,A,5,-1.4757
12,pos12,K,E,DMS,A,12,-4.0907
61,pos61,K,E,DMS,A,61,-5.1893
88,pos88,K,E,DMS,A,88,-3.2434
90,pos90,K,E,DMS,A,90,-4.0907
97,pos97,K,E,DMS,A,97,-4.0907
100,pos100,K,E,DMS,A,100,-5.1893
102,pos102,K,E,DMS,A,102,-4.0907
137,pos137,K,E,DMS,A,137,-4.0907
236,pos236,K,E,DMS,A,236,-3.5798
269,pos269,K,E,DMS,A,269,-5.1893
5,pos5,K,I,DMS,A,5,-2.8511
12,pos12,K,I,DMS,A,12,-3.9498
269,pos269,K,I,DMS,A,269,-3.9498
5,pos5,K,K,DMS,A,5,-0.035975
12,pos12,K,K,DMS,A,12,-0.31407
61,pos61,K,K,DMS,A,61,-1.3617
88,pos88,K,K,DMS,A,88,-0.96641
90,pos90,K,K,DMS,A,90,-1.0081
97,pos97,K,K,DMS,A,97,-0.34008
100,pos100,K,K,DMS,A,100,-0.7151
102,pos102,K,K,DMS,A,102,-0.8509
137,pos137,K,K,DMS,A,137,-0.04605
236,pos236,K,K,DMS,A,236,-1.5624
269,pos269,K,K,DMS,A,269,0.30379
61,pos61,K,M,DMS,A,61,-2.8511
88,pos88,K,M,DMS,A,88,-2.8511
90,pos90,K,M,DMS,A,90,-3.9498
97,pos97,K,M,DMS,A,97,-1.7525
100,pos100,K,M,DMS,A,100,-3.9498
102,pos102,K,M,DMS,A,102,-3.9498
137,pos137,K,M,DMS,A,137,-3.9498
236,pos236,K,M,DMS,A,236,-2.3403
5,pos5,K,N,DMS,A,5,-1.6044
12,pos12,K,N,DMS,A,12,-2.3665
61,pos61,K,N,DMS,A,61,-5.6233
88,pos88,K,N,DMS,A,88,-1.592
90,pos90,K,N,DMS,A,90,-1.1347
97,pos97,K,N,DMS,A,97,-3.7775
100,pos100,K,N,DMS,A,100,-2.2793
102,pos102,K,N,DMS,A,102,-3.4261
137,pos137,K,N,DMS,A,137,-6.7219
236,pos236,K,N,DMS,A,236,-3.5031
269,pos269,K,N,DMS,A,269,-4.3124
5,pos5,K,Q,DMS,A,5,-1.2196
12,pos12,K,Q,DMS,A,12,-3.1655
61,pos61,K,Q,DMS,A,61,-3.1655
88,pos88,K,Q,DMS,A,88,-3.1655
90,pos90,K,Q,DMS,A,90,-3.1655
97,pos97,K,Q,DMS,A,97,-3.1655
100,pos100,K,Q,DMS,A,100,-3.1655
102,pos102,K,Q,DMS,A,102,-3.1655
137,pos137,K,Q,DMS,A,137,-3.1655
236,pos236,K,Q,DMS,A,236,-3.1655
269,pos269,K,Q,DMS,A,269,-3.1655
5,pos5,K,R,DMS,A,5,-1.0784
12,pos12,K,R,DMS,A,12,-0.67841
61,pos61,K,R,DMS,A,61,-0.13302
88,pos88,K,R,DMS,A,88,2.1352
90,pos90,K,R,DMS,A,90,4.5186
97,pos97,K,R,DMS,A,97,0.27879
100,pos100,K,R,DMS,A,100,-0.92659
102,pos102,K,R,DMS,A,102,-0.31407
137,pos137,K,R,DMS,A,137,-2.6243
236,pos236,K,R,DMS,A,236,1.5406
269,pos269,K,R,DMS,A,269,-1.0461
5,pos5,K,T,DMS,A,5,-0.96824
12,pos12,K,T,DMS,A,12,-2.0669
61,pos61,K,T,DMS,A,61,-3.1655
88,pos88,K,T,DMS,A,88,-0.60051
90,pos90,K,T,DMS,A,90,-2.0669
97,pos97,K,T,DMS,A,97,-0.96824
100,pos100,K,T,DMS,A,100,-0.76757
102,pos102,K,T,DMS,A,102,-3.1655
137,pos137,K,T,DMS,A,137,-3.1655
236,pos236,K,T,DMS,A,236,-3.1655
269,pos269,K,T,DMS,A,269,-3.1655
57,pos57,L,*,DMS,A,57,-4.0689
67,pos67,L,*,DMS,A,67,-3.584
115,pos115,L,*,DMS,A,115,-4.0689
177,pos177,L,*,DMS,A,177,-4.0689
205,pos205,L,*,DMS,A,205,-2.9703
208,pos208,L,*,DMS,A,208,-3.584
262,pos262,L,*,DMS,A,262,-4.0689
268,pos268,L,*,DMS,A,268,-4.0689
271,pos271,L,*,DMS,A,271,-4.0689
282,pos282,L,*,DMS,A,282,-3.584
286,pos286,L,*,DMS,A,286,-4.0689
287,pos287,L,*,DMS,A,287,-4.0689
27,pos27,L,F,DMS,A,27,-6.1419
30,pos30,L,F,DMS,A,30,-3.5769
32,pos32,L,F,DMS,A,32,-4.5324
50,pos50,L,F,DMS,A,50,0.32218
57,pos57,L,F,DMS,A,57,-4.3124
58,pos58,L,F,DMS,A,58,-2.042
67,pos67,L,F,DMS,A,67,-0.33003
75,pos75,L,F,DMS,A,75,0.80925
87,pos87,L,F,DMS,A,87,-2.3807
89,pos89,L,F,DMS,A,89,0.11838
115,pos115,L,F,DMS,A,115,-4.3124
141,pos141,L,F,DMS,A,141,-4.8426
177,pos177,L,F,DMS,A,177,-1.7475
205,pos205,L,F,DMS,A,205,-4.3124
208,pos208,L,F,DMS,A,208,-4.0139
220,pos220,L,F,DMS,A,220,-0.3438
227,pos227,L,F,DMS,A,227,-0.81563
232,pos232,L,F,DMS,A,232,-0.69371
253,pos253,L,F,DMS,A,253,-2.1467
262,pos262,L,F,DMS,A,262,-1.7475
268,pos268,L,F,DMS,A,268,-4.3124
271,pos271,L,F,DMS,A,271,-4.3124
282,pos282,L,F,DMS,A,282,-3.3547
286,pos286,L,F,DMS,A,286,-2.3665
287,pos287,L,F,DMS,A,287,-2.3665
27,pos27,L,H,DMS,A,27,-2.4854
30,pos30,L,H,DMS,A,30,-3.584
32,pos32,L,H,DMS,A,32,-3.584
50,pos50,L,H,DMS,A,50,-2.4854
58,pos58,L,H,DMS,A,58,-3.584
75,pos75,L,H,DMS,A,75,-0.75077
87,pos87,L,H,DMS,A,87,-3.584
89,pos89,L,H,DMS,A,89,-3.5695
141,pos141,L,H,DMS,A,141,-3.584
220,pos220,L,H,DMS,A,220,-1.1861
227,pos227,L,H,DMS,A,227,-1.9745
232,pos232,L,H,DMS,A,232,-2.4854
253,pos253,L,H,DMS,A,253,-2.4854
27,pos27,L,I,DMS,A,27,-4.5855
30,pos30,L,I,DMS,A,30,-0.65372
32,pos32,L,I,DMS,A,32,-0.47468
50,pos50,L,I,DMS,A,50,-1.4501
57,pos57,L,I,DMS,A,57,-2.4854
58,pos58,L,I,DMS,A,58,-2.0206
75,pos75,L,I,DMS,A,75,0.94784
87,pos87,L,I,DMS,A,87,-0.38086
89,pos89,L,I,DMS,A,89,-1.3547
115,pos115,L,I,DMS,A,115,-3.584
141,pos141,L,I,DMS,A,141,-2.3883
177,pos177,L,I,DMS,A,177,-0.53946
205,pos205,L,I,DMS,A,205,-1.3868
220,pos220,L,I,DMS,A,220,-0.69373
227,pos227,L,I,DMS,A,227,-0.65372
232,pos232,L,I,DMS,A,232,-0.24174
242,pos242,L,I,DMS,A,242,-1.2897
250,pos250,L,I,DMS,A,250,-1.089
253,pos253,L,I,DMS,A,253,-1.8775
262,pos262,L,I,DMS,A,262,-1.3868
268,pos268,L,I,DMS,A,268,-2.4854
271,pos271,L,I,DMS,A,271,-1.3868
286,pos286,L,I,DMS,A,286,-1.6381
287,pos287,L,I,DMS,A,287,-3.584
27,pos27,L,L,DMS,A,27,1.1266
30,pos30,L,L,DMS,A,30,-0.62664
32,pos32,L,L,DMS,A,32,0.1664
50,pos50,L,L,DMS,A,50,1.2076
57,pos57,L,L,DMS,A,57,-0.093067
58,pos58,L,L,DMS,A,58,0.86609
67,pos67,L,L,DMS,A,67,-0.36818
75,pos75,L,L,DMS,A,75,1.1066
87,pos87,L,L,DMS,A,87,-0.67837
89,pos89,L,L,DMS,A,89,-0.68265
115,pos115,L,L,DMS,A,115,-0.086698
141,pos141,L,L,DMS,A,141,-1.1153
177,pos177,L,L,DMS,A,177,-0.46863
205,pos205,L,L,DMS,A,205,-0.59752
208,pos208,L,L,DMS,A,208,-0.74645
220,pos220,L,L,DMS,A,220,-0.032303
227,pos227,L,L,DMS,A,227,-0.79064
232,pos232,L,L,DMS,A,232,-0.19627
242,pos242,L,L,DMS,A,242,-0.48786
250,pos250,L,L,DMS,A,250,-0.52207
253,pos253,L,L,DMS,A,253,-0.29981
262,pos262,L,L,DMS,A,262,-0.68598
268,pos268,L,L,DMS,A,268,-0.70937
271,pos271,L,L,DMS,A,271,-0.39685
272,pos272,L,L,DMS,A,272,0.42934
282,pos282,L,L,DMS,A,282,-0.73124
286,pos286,L,L,DMS,A,286,0.11915
287,pos287,L,L,DMS,A,287,-0.47798
67,pos67,L,M,DMS,A,67,-1.6381
208,pos208,L,M,DMS,A,208,-3.584
272,pos272,L,M,DMS,A,272,-0.2161
282,pos282,L,M,DMS,A,282,-2.4854
27,pos27,L,P,DMS,A,27,-4.0085
30,pos30,L,P,DMS,A,30,-4.0085
32,pos32,L,P,DMS,A,32,-4.0085
50,pos50,L,P,DMS,A,50,-2.9099
58,pos58,L,P,DMS,A,58,-5.1071
75,pos75,L,P,DMS,A,75,-1.6731
87,pos87,L,P,DMS,A,87,-5.1071
89,pos89,L,P,DMS,A,89,-3.9957
141,pos141,L,P,DMS,A,141,-4.0085
220,pos220,L,P,DMS,A,220,-4.0085
227,pos227,L,P,DMS,A,227,-1.4962
232,pos232,L,P,DMS,A,232,-3.1612
242,pos242,L,P,DMS,A,242,-5.1071
250,pos250,L,P,DMS,A,250,-3.4977
253,pos253,L,P,DMS,A,253,-2.5422
272,pos272,L,P,DMS,A,272,-4.0085
242,pos242,L,Q,DMS,A,242,-3.584
250,pos250,L,Q,DMS,A,250,-3.584
272,pos272,L,Q,DMS,A,272,-3.584
27,pos27,L,R,DMS,A,27,-3.156
30,pos30,L,R,DMS,A,30,-3.156
32,pos32,L,R,DMS,A,32,-3.156
50,pos50,L,R,DMS,A,50,-0.32279
58,pos58,L,R,DMS,A,58,-3.156
75,pos75,L,R,DMS,A,75,-0.75811
87,pos87,L,R,DMS,A,87,-2.0574
89,pos89,L,R,DMS,A,89,-1.5299
141,pos141,L,R,DMS,A,141,-2.0574
220,pos220,L,R,DMS,A,220,-0.32279
227,pos227,L,R,DMS,A,227,-0.59105
232,pos232,L,R,DMS,A,232,-1.2101
242,pos242,L,R,DMS,A,242,-2.0574
250,pos250,L,R,DMS,A,250,-3.156
253,pos253,L,R,DMS,A,253,-2.0574
272,pos272,L,R,DMS,A,272,-3.156
57,pos57,L,S,DMS,A,57,-2.0626
67,pos67,L,S,DMS,A,67,-0.34493
115,pos115,L,S,DMS,A,115,-5.1071
177,pos177,L,S,DMS,A,177,-5.1071
205,pos205,L,S,DMS,A,205,-4.0085
208,pos208,L,S,DMS,A,208,-3.4977
262,pos262,L,S,DMS,A,262,-1.8882
268,pos268,L,S,DMS,A,268,-4.0085
271,pos271,L,S,DMS,A,271,-4.0085
282,pos282,L,S,DMS,A,282,-2.3991
286,pos286,L,S,DMS,A,286,-5.1071
287,pos287,L,S,DMS,A,287,-4.0085
27,pos27,L,V,DMS,A,27,-1.9357
30,pos30,L,V,DMS,A,30,-1.3479
32,pos32,L,V,DMS,A,32,-1.3479
50,pos50,L,V,DMS,A,50,-1.9357
57,pos57,L,V,DMS,A,57,-3.156
58,pos58,L,V,DMS,A,58,-3.5451
67,pos67,L,V,DMS,A,67,0.77582
75,pos75,L,V,DMS,A,75,-0.32624
87,pos87,L,V,DMS,A,87,-1.3479
89,pos89,L,V,DMS,A,89,-1.9319
115,pos115,L,V,DMS,A,115,-3.156
141,pos141,L,V,DMS,A,141,-3.5451
177,pos177,L,V,DMS,A,177,-0.75811
205,pos205,L,V,DMS,A,205,-0.11148
208,pos208,L,V,DMS,A,208,-3.156
220,pos220,L,V,DMS,A,220,-1.9357
227,pos227,L,V,DMS,A,227,-1.9357
232,pos232,L,V,DMS,A,232,-3.5451
242,pos242,L,V,DMS,A,242,-2.4465
250,pos250,L,V,DMS,A,250,-2.4465
253,pos253,L,V,DMS,A,253,-1.1472
262,pos262,L,V,DMS,A,262,-1.2101
268,pos268,L,V,DMS,A,268,-1.5466
271,pos271,L,V,DMS,A,271,0.27798
272,pos272,L,V,DMS,A,272,-1.1472
282,pos282,L,V,DMS,A,282,-1.5466
286,pos286,L,V,DMS,A,286,-2.0574
287,pos287,L,V,DMS,A,287,0.062873
67,pos67,L,W,DMS,A,67,-3.156
208,pos208,L,W,DMS,A,208,-1.5466
282,pos282,L,W,DMS,A,282,-2.0574
6,pos6,M,I,DMS,A,6,-2.0343
17,pos17,M,I,DMS,A,17,-0.39265
49,pos49,M,I,DMS,A,49,-0.96114
82,pos82,M,I,DMS,A,82,-1.1763
130,pos130,M,I,DMS,A,130,-2.228
162,pos162,M,I,DMS,A,162,-0.73843
165,pos165,M,I,DMS,A,165,-2.7337
235,pos235,M,I,DMS,A,235,-1.8099
264,pos264,M,I,DMS,A,264,-0.96545
276,pos276,M,I,DMS,A,276,-1.705
6,pos6,M,K,DMS,A,6,-3.584
17,pos17,M,K,DMS,A,17,-3.584
49,pos49,M,K,DMS,A,49,-1.6381
82,pos82,M,K,DMS,A,82,-3.584
130,pos130,M,K,DMS,A,130,-3.584
162,pos162,M,K,DMS,A,162,-3.584
165,pos165,M,K,DMS,A,165,-3.584
235,pos235,M,K,DMS,A,235,-3.584
264,pos264,M,K,DMS,A,264,-3.584
276,pos276,M,K,DMS,A,276,-1.9745
6,pos6,M,L,DMS,A,6,-1.1769
17,pos17,M,L,DMS,A,17,-3.2138
49,pos49,M,L,DMS,A,49,-1.1769
82,pos82,M,L,DMS,A,82,-4.3124
130,pos130,M,L,DMS,A,130,-1.368
162,pos162,M,L,DMS,A,162,-0.87845
165,pos165,M,L,DMS,A,165,-2.703
235,pos235,M,L,DMS,A,235,-2.1152
264,pos264,M,L,DMS,A,264,-1.1769
276,pos276,M,L,DMS,A,276,-0.13805
6,pos6,M,R,DMS,A,6,-3.156
17,pos17,M,R,DMS,A,17,-2.0574
49,pos49,M,R,DMS,A,49,-3.156
82,pos82,M,R,DMS,A,82,-3.156
130,pos130,M,R,DMS,A,130,-1.5466
162,pos162,M,R,DMS,A,162,-3.156
165,pos165,M,R,DMS,A,165,-3.156
235,pos235,M,R,DMS,A,235,-3.156
264,pos264,M,R,DMS,A,264,-2.0574
276,pos276,M,R,DMS,A,276,-2.0574
6,pos6,M,T,DMS,A,6,-2.1627
17,pos17,M,T,DMS,A,17,-0.17263
49,pos49,M,T,DMS,A,49,-3.1612
82,pos82,M,T,DMS,A,82,-1.8113
130,pos130,M,T,DMS,A,130,-3.1612
162,pos162,M,T,DMS,A,162,-4.0085
165,pos165,M,T,DMS,A,165,-4.0085
235,pos235,M,T,DMS,A,235,-4.0085
264,pos264,M,T,DMS,A,264,-3.4977
276,pos276,M,T,DMS,A,276,-0.55323
6,pos6,M,V,DMS,A,6,-0.92659
17,pos17,M,V,DMS,A,17,1.0549
49,pos49,M,V,DMS,A,49,-1.7553
82,pos82,M,V,DMS,A,82,-1.5257
130,pos130,M,V,DMS,A,130,-2.7914
162,pos162,M,V,DMS,A,162,-1.1462
165,pos165,M,V,DMS,A,165,-2.7914
235,pos235,M,V,DMS,A,235,-2.3561
264,pos264,M,V,DMS,A,264,0.020219
276,pos276,M,V,DMS,A,276,0.44194
28,pos28,N,D,DMS,A,28,-5.1893
51,pos51,N,D,DMS,A,51,-2.6243
53,pos53,N,D,DMS,A,53,-1.7553
63,pos63,N,D,DMS,A,63,-4.0907
65,pos65,N,D,DMS,A,65,-5.1893
72,pos72,N,D,DMS,A,72,-1.9704
84,pos84,N,D,DMS,A,84,-1.9704
95,pos95,N,D,DMS,A,95,-5.1893
119,pos119,N,D,DMS,A,119,-1.4281
133,pos133,N,D,DMS,A,133,-5.1893
142,pos142,N,D,DMS,A,142,-0.72336
151,pos151,N,D,DMS,A,151,-2.4812
180,pos180,N,D,DMS,A,180,-0.61456
203,pos203,N,D,DMS,A,203,-3.5798
214,pos214,N,D,DMS,A,214,-2.6243
228,pos228,N,D,DMS,A,228,-5.1893
231,pos231,N,D,DMS,A,231,-4.0907
238,pos238,N,D,DMS,A,238,-4.0907
274,pos274,N,D,DMS,A,274,1.4866
277,pos277,N,D,DMS,A,277,-1.3826
28,pos28,N,H,DMS,A,28,-3.1655
51,pos51,N,H,DMS,A,51,-3.1655
53,pos53,N,H,DMS,A,53,-3.1655
63,pos63,N,H,DMS,A,63,-3.1655
65,pos65,N,H,DMS,A,65,-1.556
72,pos72,N,H,DMS,A,72,-0.76757
84,pos84,N,H,DMS,A,84,0.053412
95,pos95,N,H,DMS,A,95,-2.0669
119,pos119,N,H,DMS,A,119,-3.1655
133,pos133,N,H,DMS,A,133,-3.1655
142,pos142,N,H,DMS,A,142,-3.1655
151,pos151,N,H,DMS,A,151,-0.96824
180,pos180,N,H,DMS,A,180,-1.556
203,pos203,N,H,DMS,A,203,-3.1655
214,pos214,N,H,DMS,A,214,-3.1655
228,pos228,N,H,DMS,A,228,-1.556
231,pos231,N,H,DMS,A,231,-3.1655
238,pos238,N,H,DMS,A,238,-3.1655
274,pos274,N,H,DMS,A,274,0.13037
277,pos277,N,H,DMS,A,277,0.59574
28,pos28,N,I,DMS,A,28,-2.8511
51,pos51,N,I,DMS,A,51,-3.9498
53,pos53,N,I,DMS,A,53,-3.9498
63,pos63,N,I,DMS,A,63,-3.9498
65,pos65,N,I,DMS,A,65,-2.3403
72,pos72,N,I,DMS,A,72,-1.5519
84,pos84,N,I,DMS,A,84,-1.5519
95,pos95,N,I,DMS,A,95,-2.8511
119,pos119,N,I,DMS,A,119,-2.8511
133,pos133,N,I,DMS,A,133,-1.7525
142,pos142,N,I,DMS,A,142,-2.8511
151,pos151,N,I,DMS,A,151,-1.7525
180,pos180,N,I,DMS,A,180,-1.3848
203,pos203,N,I,DMS,A,203,-2.8511
214,pos214,N,I,DMS,A,214,-1.5519
228,pos228,N,I,DMS,A,228,-3.9498
231,pos231,N,I,DMS,A,231,-3.9498
238,pos238,N,I,DMS,A,238,-3.9498
274,pos274,N,I,DMS,A,274,-1.0053
277,pos277,N,I,DMS,A,277,-2.3403
28,pos28,N,K,DMS,A,28,-3.7819
51,pos51,N,K,DMS,A,51,-1.9361
53,pos53,N,K,DMS,A,53,-2.123
63,pos63,N,K,DMS,A,63,-4.0689
65,pos65,N,K,DMS,A,65,-2.9703
72,pos72,N,K,DMS,A,72,-1.671
84,pos84,N,K,DMS,A,84,-0.85004
95,pos95,N,K,DMS,A,95,-2.4595
119,pos119,N,K,DMS,A,119,-4.0689
133,pos133,N,K,DMS,A,133,-2.9703
142,pos142,N,K,DMS,A,142,-2.123
151,pos151,N,K,DMS,A,151,-4.8805
180,pos180,N,K,DMS,A,180,-0.7374
203,pos203,N,K,DMS,A,203,-4.0689
214,pos214,N,K,DMS,A,214,-1.8717
228,pos228,N,K,DMS,A,228,-0.30771
231,pos231,N,K,DMS,A,231,-4.8805
238,pos238,N,K,DMS,A,238,-2.4595
274,pos274,N,K,DMS,A,274,-0.85004
277,pos277,N,K,DMS,A,277,0.30053
28,pos28,N,N,DMS,A,28,1.4328
51,pos51,N,N,DMS,A,51,0.0015838
53,pos53,N,N,DMS,A,53,-0.7633
63,pos63,N,N,DMS,A,63,0.83569
65,pos65,N,N,DMS,A,65,0.75368
72,pos72,N,N,DMS,A,72,0.24475
84,pos84,N,N,DMS,A,84,-0.11667
95,pos95,N,N,DMS,A,95,1.0349
119,pos119,N,N,DMS,A,119,0.61321
133,pos133,N,N,DMS,A,133,0.87178
142,pos142,N,N,DMS,A,142,1.2333
151,pos151,N,N,DMS,A,151,1.0412
180,pos180,N,N,DMS,A,180,-0.30416
203,pos203,N,N,DMS,A,203,0.26353
214,pos214,N,N,DMS,A,214,0.8616
228,pos228,N,N,DMS,A,228,0.82514
231,pos231,N,N,DMS,A,231,0.39239
238,pos238,N,N,DMS,A,238,-0.089827
274,pos274,N,N,DMS,A,274,-0.063681
277,pos277,N,N,DMS,A,277,0.79279
28,pos28,N,S,DMS,A,28,-5.1893
51,pos51,N,S,DMS,A,51,-1.1819
53,pos53,N,S,DMS,A,53,-2.0538
63,pos63,N,S,DMS,A,63,-5.1893
65,pos65,N,S,DMS,A,65,0.041842
72,pos72,N,S,DMS,A,72,-0.26929
84,pos84,N,S,DMS,A,84,-0.21253
95,pos95,N,S,DMS,A,95,-2.1447
119,pos119,N,S,DMS,A,119,0.083733
133,pos133,N,S,DMS,A,133,-5.1893
142,pos142,N,S,DMS,A,142,-0.53531
151,pos151,N,S,DMS,A,151,-1.8934
180,pos180,N,S,DMS,A,180,-1.3826
203,pos203,N,S,DMS,A,203,-4.0907
214,pos214,N,S,DMS,A,214,-3.5798
228,pos228,N,S,DMS,A,228,-0.47974
231,pos231,N,S,DMS,A,231,-5.1893
238,pos238,N,S,DMS,A,238,-1.8934
274,pos274,N,S,DMS,A,274,1.2644
277,pos277,N,S,DMS,A,277,0.063007
28,pos28,N,T,DMS,A,28,-3.1655
51,pos51,N,T,DMS,A,51,-3.1655
53,pos53,N,T,DMS,A,53,-1.556
63,pos63,N,T,DMS,A,63,-3.1655
65,pos65,N,T,DMS,A,65,-3.1655
72,pos72,N,T,DMS,A,72,0.4981
84,pos84,N,T,DMS,A,84,-1.556
95,pos95,N,T,DMS,A,95,-3.1655
119,pos119,N,T,DMS,A,119,0.68468
133,pos133,N,T,DMS,A,133,-0.96824
142,pos142,N,T,DMS,A,142,-1.2196
151,pos151,N,T,DMS,A,151,-2.0669
180,pos180,N,T,DMS,A,180,-0.029969
203,pos203,N,T,DMS,A,203,-3.1655
214,pos214,N,T,DMS,A,214,-0.33225
228,pos228,N,T,DMS,A,228,0.26852
231,pos231,N,T,DMS,A,231,-3.1655
238,pos238,N,T,DMS,A,238,-1.556
274,pos274,N,T,DMS,A,274,0.76636
277,pos277,N,T,DMS,A,277,1.3004
28,pos28,N,Y,DMS,A,28,-3.9498
51,pos51,N,Y,DMS,A,51,-2.0038
53,pos53,N,Y,DMS,A,53,-3.9498
63,pos63,N,Y,DMS,A,63,-3.9498
65,pos65,N,Y,DMS,A,65,-2.8511
72,pos72,N,Y,DMS,A,72,-1.2417
84,pos84,N,Y,DMS,A,84,-1.7525
95,pos95,N,Y,DMS,A,95,-3.9498
119,pos119,N,Y,DMS,A,119,-3.9498
133,pos133,N,Y,DMS,A,133,-3.9498
142,pos142,N,Y,DMS,A,142,-2.3403
151,pos151,N,Y,DMS,A,151,-1.5519
180,pos180,N,Y,DMS,A,180,-1.2417
203,pos203,N,Y,DMS,A,203,-3.9498
214,pos214,N,Y,DMS,A,214,-3.9498
228,pos228,N,Y,DMS,A,228,-1.3848
231,pos231,N,Y,DMS,A,231,-3.9498
238,pos238,N,Y,DMS,A,238,-2.8511
274,pos274,N,Y,DMS,A,274,-0.73088
277,pos277,N,Y,DMS,A,277,-1.7525
9,pos9,P,A,DMS,A,9,-3.5451
39,pos39,P,A,DMS,A,39,-3.5451
52,pos52,P,A,DMS,A,52,-3.5451
96,pos96,P,A,DMS,A,96,-1.9357
99,pos99,P,A,DMS,A,99,-3.5451
108,pos108,P,A,DMS,A,108,-0.40962
122,pos122,P,A,DMS,A,122,-3.5451
132,pos132,P,A,DMS,A,132,-0.67519
168,pos168,P,A,DMS,A,168,-1.5992
184,pos184,P,A,DMS,A,184,-3.5451
241,pos241,P,A,DMS,A,241,-2.4465
252,pos252,P,A,DMS,A,252,-3.5451
293,pos293,P,A,DMS,A,293,-3.5451
52,pos52,P,H,DMS,A,52,-2.9761
96,pos96,P,H,DMS,A,96,0.39118
99,pos99,P,H,DMS,A,99,-4.5855
132,pos132,P,H,DMS,A,132,0.71712
184,pos184,P,H,DMS,A,184,0.5082
241,pos241,P,H,DMS,A,241,0.12398
252,pos252,P,H,DMS,A,252,-2.6396
293,pos293,P,H,DMS,A,293,-4.5855
9,pos9,P,L,DMS,A,9,-7.2405
39,pos39,P,L,DMS,A,39,-5.0433
52,pos52,P,L,DMS,A,52,-4.4073
96,pos96,P,L,DMS,A,96,-0.06961
99,pos99,P,L,DMS,A,99,-3.0064
108,pos108,P,L,DMS,A,108,-0.53977
122,pos122,P,L,DMS,A,122,-4.8426
132,pos132,P,L,DMS,A,132,0.46856
168,pos168,P,L,DMS,A,168,-4.6755
184,pos184,P,L,DMS,A,184,-0.26042
241,pos241,P,L,DMS,A,241,0.32529
252,pos252,P,L,DMS,A,252,-1.2219
293,pos293,P,L,DMS,A,293,-6.1419
9,pos9,P,P,DMS,A,9,0.4252
39,pos39,P,P,DMS,A,39,0.0080349
52,pos52,P,P,DMS,A,52,-1.0113
96,pos96,P,P,DMS,A,96,-0.81064
99,pos99,P,P,DMS,A,99,-1.0363
108,pos108,P,P,DMS,A,108,-0.15333
122,pos122,P,P,DMS,A,122,-0.22002
132,pos132,P,P,DMS,A,132,0.74208
168,pos168,P,P,DMS,A,168,-0.45182
184,pos184,P,P,DMS,A,184,-0.20726
241,pos241,P,P,DMS,A,241,-0.1854
252,pos252,P,P,DMS,A,252,0.48312
293,pos293,P,P,DMS,A,293,-0.36233
9,pos9,P,Q,DMS,A,9,-3.4869
39,pos39,P,Q,DMS,A,39,-3.4869
108,pos108,P,Q,DMS,A,108,-0.29509
122,pos122,P,Q,DMS,A,122,-3.4869
168,pos168,P,Q,DMS,A,168,-2.9761
9,pos9,P,R,DMS,A,9,-3.5451
39,pos39,P,R,DMS,A,39,-3.5451
52,pos52,P,R,DMS,A,52,-3.5451
96,pos96,P,R,DMS,A,96,-2.4465
99,pos99,P,R,DMS,A,99,-3.5451
108,pos108,P,R,DMS,A,108,-0.50059
122,pos122,P,R,DMS,A,122,-3.5451
132,pos132,P,R,DMS,A,132,-2.8724
168,pos168,P,R,DMS,A,168,-2.4465
184,pos184,P,R,DMS,A,184,-2.4465
241,pos241,P,R,DMS,A,241,-1.5992
252,pos252,P,R,DMS,A,252,-3.5451
293,pos293,P,R,DMS,A,293,-3.5451
9,pos9,P,S,DMS,A,9,-7.2405
39,pos39,P,S,DMS,A,39,-5.6311
52,pos52,P,S,DMS,A,52,-3.8732
96,pos96,P,S,DMS,A,96,-0.094514
99,pos99,P,S,DMS,A,99,-3.0358
108,pos108,P,S,DMS,A,108,0.8789
122,pos122,P,S,DMS,A,122,-2.7296
132,pos132,P,S,DMS,A,132,0.5384
168,pos168,P,S,DMS,A,168,-1.8155
184,pos184,P,S,DMS,A,184,-0.34583
241,pos241,P,S,DMS,A,241,-0.75281
252,pos252,P,S,DMS,A,252,-3.163
293,pos293,P,S,DMS,A,293,-2.2101
9,pos9,P,T,DMS,A,9,-4.5855
39,pos39,P,T,DMS,A,39,-3.4869
52,pos52,P,T,DMS,A,52,-4.5855
96,pos96,P,T,DMS,A,96,-0.77889
99,pos99,P,T,DMS,A,99,-1.8775
108,pos108,P,T,DMS,A,108,0.3048
122,pos122,P,T,DMS,A,122,-4.5855
132,pos132,P,T,DMS,A,132,-0.727
168,pos168,P,T,DMS,A,168,-2.6396
184,pos184,P,T,DMS,A,184,-0.7354
241,pos241,P,T,DMS,A,241,0.28965
252,pos252,P,T,DMS,A,252,-1.2183
293,pos293,P,T,DMS,A,293,-3.4869
19,pos19,Q,*,DMS,A,19,-7.2405
69,pos69,Q,*,DMS,A,69,-5.6311
74,pos74,Q,*,DMS,A,74,-5.6311
83,pos83,Q,*,DMS,A,83,-5.2946
107,pos107,Q,*,DMS,A,107,-5.6311
110,pos110,Q,*,DMS,A,110,-7.2405
127,pos127,Q,*,DMS,A,127,-6.1419
189,pos189,Q,*,DMS,A,189,-7.2405
192,pos192,Q,*,DMS,A,192,-5.2946
244,pos244,Q,*,DMS,A,244,-7.2405
256,pos256,Q,*,DMS,A,256,-7.2405
273,pos273,Q,*,DMS,A,273,-7.2405
299,pos299,Q,*,DMS,A,299,-7.2405
306,pos306,Q,*,DMS,A,306,-5.0433
19,pos19,Q,E,DMS,A,19,-3.5451
69,pos69,Q,E,DMS,A,69,-0.83706
74,pos74,Q,E,DMS,A,74,-1.9357
83,pos83,Q,E,DMS,A,83,-2.4465
107,pos107,Q,E,DMS,A,107,-3.5451
110,pos110,Q,E,DMS,A,110,-3.5451
127,pos127,Q,E,DMS,A,127,-3.5451
189,pos189,Q,E,DMS,A,189,-3.5451
192,pos192,Q,E,DMS,A,192,-3.5451
244,pos244,Q,E,DMS,A,244,-2.4465
256,pos256,Q,E,DMS,A,256,-1.5992
273,pos273,Q,E,DMS,A,273,-3.5451
299,pos299,Q,E,DMS,A,299,-3.5451
306,pos306,Q,E,DMS,A,306,-3.5451
19,pos19,Q,H,DMS,A,19,-0.75709
69,pos69,Q,H,DMS,A,69,-1.9946
74,pos74,Q,H,DMS,A,74,-1.368
83,pos83,Q,H,DMS,A,83,-0.10775
107,pos107,Q,H,DMS,A,107,-1.9145
110,pos110,Q,H,DMS,A,110,-2.7146
127,pos127,Q,H,DMS,A,127,-1.0936
189,pos189,Q,H,DMS,A,189,-2.1152
192,pos192,Q,H,DMS,A,192,-2.703
244,pos244,Q,H,DMS,A,244,-0.87845
256,pos256,Q,H,DMS,A,256,-4.3124
273,pos273,Q,H,DMS,A,273,-0.30511
299,pos299,Q,H,DMS,A,299,-4.3124
306,pos306,Q,H,DMS,A,306,-1.1769
19,pos19,Q,K,DMS,A,19,-1.3667
69,pos69,Q,K,DMS,A,69,-2.1877
74,pos74,Q,K,DMS,A,74,-2.3883
83,pos83,Q,K,DMS,A,83,1.639
107,pos107,Q,K,DMS,A,107,-4.5855
110,pos110,Q,K,DMS,A,110,-3.4869
127,pos127,Q,K,DMS,A,127,-3.4869
189,pos189,Q,K,DMS,A,189,-1.0302
192,pos192,Q,K,DMS,A,192,-2.1877
244,pos244,Q,K,DMS,A,244,-1.7523
256,pos256,Q,K,DMS,A,256,-3.4869
273,pos273,Q,K,DMS,A,273,0.57924
299,pos299,Q,K,DMS,A,299,-4.5855
306,pos306,Q,K,DMS,A,306,-3.4869
19,pos19,Q,L,DMS,A,19,-2.8511
69,pos69,Q,L,DMS,A,69,-2.8511
74,pos74,Q,L,DMS,A,74,-1.5519
83,pos83,Q,L,DMS,A,83,-0.14309
107,pos107,Q,L,DMS,A,107,-1.5519
110,pos110,Q,L,DMS,A,110,-2.8511
127,pos127,Q,L,DMS,A,127,-3.9498
189,pos189,Q,L,DMS,A,189,-2.0038
192,pos192,Q,L,DMS,A,192,-2.3403
244,pos244,Q,L,DMS,A,244,-2.0038
256,pos256,Q,L,DMS,A,256,-2.3403
273,pos273,Q,L,DMS,A,273,0.68498
299,pos299,Q,L,DMS,A,299,-2.0038
306,pos306,Q,L,DMS,A,306,-3.9498
19,pos19,Q,P,DMS,A,19,-3.1655
69,pos69,Q,P,DMS,A,69,-3.1655
74,pos74,Q,P,DMS,A,74,-0.22102
83,pos83,Q,P,DMS,A,83,-1.556
107,pos107,Q,P,DMS,A,107,-3.1655
110,pos110,Q,P,DMS,A,110,-3.1655
127,pos127,Q,P,DMS,A,127,-1.556
189,pos189,Q,P,DMS,A,189,-2.0669
192,pos192,Q,P,DMS,A,192,-1.556
244,pos244,Q,P,DMS,A,244,-2.0669
256,pos256,Q,P,DMS,A,256,-3.1655
273,pos273,Q,P,DMS,A,273,-2.0669
299,pos299,Q,P,DMS,A,299,-3.1655
306,pos306,Q,P,DMS,A,306,-2.0669
19,pos19,Q,Q,DMS,A,19,-0.57415
69,pos69,Q,Q,DMS,A,69,-0.02992
74,pos74,Q,Q,DMS,A,74,-0.98457
83,pos83,Q,Q,DMS,A,83,-0.67841
107,pos107,Q,Q,DMS,A,107,-0.29892
110,pos110,Q,Q,DMS,A,110,-0.38469
127,pos127,Q,Q,DMS,A,127,-0.15883
189,pos189,Q,Q,DMS,A,189,-0.53531
192,pos192,Q,Q,DMS,A,192,0.16259
244,pos244,Q,Q,DMS,A,244,0.39798
256,pos256,Q,Q,DMS,A,256,-0.34508
273,pos273,Q,Q,DMS,A,273,0.2179
299,pos299,Q,Q,DMS,A,299,-0.41014
306,pos306,Q,Q,DMS,A,306,-0.095517
19,pos19,Q,R,DMS,A,19,-1.0149
69,pos69,Q,R,DMS,A,69,-0.10786
74,pos74,Q,R,DMS,A,74,-2.0538
83,pos83,Q,R,DMS,A,83,-0.84546
107,pos107,Q,R,DMS,A,107,-0.55454
110,pos110,Q,R,DMS,A,110,-4.0907
127,pos127,Q,R,DMS,A,127,-4.0907
189,pos189,Q,R,DMS,A,189,-2.7914
192,pos192,Q,R,DMS,A,192,-2.7914
244,pos244,Q,R,DMS,A,244,-1.0784
256,pos256,Q,R,DMS,A,256,-2.992
273,pos273,Q,R,DMS,A,273,-1.219
299,pos299,Q,R,DMS,A,299,-4.0907
306,pos306,Q,R,DMS,A,306,-5.1893
4,pos4,R,*,DMS,A,4,-3.9498
40,pos40,R,*,DMS,A,40,-3.9498
131,pos131,R,*,DMS,A,131,-3.0613
222,pos222,R,*,DMS,A,222,-5.2946
298,pos298,R,*,DMS,A,298,-2.8511
60,pos60,R,C,DMS,A,60,-0.74372
105,pos105,R,C,DMS,A,105,-5.0433
279,pos279,R,C,DMS,A,279,-0.38088
4,pos4,R,G,DMS,A,4,-3.5798
40,pos40,R,G,DMS,A,40,-3.5798
60,pos60,R,G,DMS,A,60,-3.5451
76,pos76,R,G,DMS,A,76,-5.1893
105,pos105,R,G,DMS,A,105,-3.5451
131,pos131,R,G,DMS,A,131,-5.1893
188,pos188,R,G,DMS,A,188,-3.2434
217,pos217,R,G,DMS,A,217,-1.1117
222,pos222,R,G,DMS,A,222,-0.24928
279,pos279,R,G,DMS,A,279,-3.5451
298,pos298,R,G,DMS,A,298,-1.8934
60,pos60,R,H,DMS,A,60,-4.8582
105,pos105,R,H,DMS,A,105,-0.48879
279,pos279,R,H,DMS,A,279,-0.33283
4,pos4,R,I,DMS,A,4,-3.5303
40,pos40,R,I,DMS,A,40,-5.0563
131,pos131,R,I,DMS,A,131,-5.4331
298,pos298,R,I,DMS,A,298,-3.1693
4,pos4,R,K,DMS,A,4,-0.09606
40,pos40,R,K,DMS,A,40,-5.9568
76,pos76,R,K,DMS,A,76,-1.1127
131,pos131,R,K,DMS,A,131,-4.0109
188,pos188,R,K,DMS,A,188,-0.9529
217,pos217,R,K,DMS,A,217,-1.9866
298,pos298,R,K,DMS,A,298,-1.6942
60,pos60,R,L,DMS,A,60,-1.9208
105,pos105,R,L,DMS,A,105,-5.5672
222,pos222,R,L,DMS,A,222,-3.0549
279,pos279,R,L,DMS,A,279,-3.0549
76,pos76,R,M,DMS,A,76,-2.9046
131,pos131,R,M,DMS,A,131,-6.3229
188,pos188,R,M,DMS,A,188,-3.8326
217,pos217,R,M,DMS,A,217,-2.1549
60,pos60,R,P,DMS,A,60,-2.738
105,pos105,R,P,DMS,A,105,-2.738
222,pos222,R,P,DMS,A,222,-1.1285
279,pos279,R,P,DMS,A,279,-3.8366
222,pos222,R,Q,DMS,A,222,-0.31849
4,pos4,R,R,DMS,A,4,-0.48014
40,pos40,R,R,DMS,A,40,-0.33172
60,pos60,R,R,DMS,A,60,-1.1717
76,pos76,R,R,DMS,A,76,-0.00021868
105,pos105,R,R,DMS,A,105,1.6557
131,pos131,R,R,DMS,A,131,0.62746
188,pos188,R,R,DMS,A,188,0.39788
217,pos217,R,R,DMS,A,217,-0.33376
222,pos222,R,R,DMS,A,222,0.33028
279,pos279,R,R,DMS,A,279,-0.73293
298,pos298,R,R,DMS,A,298,-0.914
4,pos4,R,S,DMS,A,4,-1.7475
40,pos40,R,S,DMS,A,40,-2.703
60,pos60,R,S,DMS,A,60,-2.6396
76,pos76,R,S,DMS,A,76,-3.0584
105,pos105,R,S,DMS,A,105,-2.9761
131,pos131,R,S,DMS,A,131,-4.0208
188,pos188,R,S,DMS,A,188,-3.2254
217,pos217,R,S,DMS,A,217,-1.3513
279,pos279,R,S,DMS,A,279,-1.4501
298,pos298,R,S,DMS,A,298,0.51587
4,pos4,R,T,DMS,A,4,-2.738
40,pos40,R,T,DMS,A,40,-2.738
76,pos76,R,T,DMS,A,76,-3.8366
131,pos131,R,T,DMS,A,131,-2.738
188,pos188,R,T,DMS,A,188,-3.8366
217,pos217,R,T,DMS,A,217,-1.6393
298,pos298,R,T,DMS,A,298,-1.4387
76,pos76,R,W,DMS,A,76,-2.3403
131,pos131,R,W,DMS,A,131,-3.4521
188,pos188,R,W,DMS,A,188,-3.9498
217,pos217,R,W,DMS,A,217,-2.8511
113,pos113,S,*,DMS,A,113,-4.8805
121,pos121,S,*,DMS,A,121,-4.8805
139,pos139,S,*,DMS,A,139,-4.8805
144,pos144,S,*,DMS,A,144,-4.8805
267,pos267,S,*,DMS,A,267,-4.8805
301,pos301,S,*,DMS,A,301,-3.7819
10,pos10,S,A,DMS,A,10,0.45492
46,pos46,S,A,DMS,A,46,0.88705
81,pos81,S,A,DMS,A,81,1.0487
113,pos113,S,A,DMS,A,113,-2.0574
121,pos121,S,A,DMS,A,121,0.39935
123,pos123,S,A,DMS,A,123,1.2866
139,pos139,S,A,DMS,A,139,-0.44795
144,pos144,S,A,DMS,A,144,-0.95878
158,pos158,S,A,DMS,A,158,0.55757
254,pos254,S,A,DMS,A,254,0.77582
267,pos267,S,A,DMS,A,267,0.13983
301,pos301,S,A,DMS,A,301,1.8874
1,pos1,S,C,DMS,A,1,-0.39441
10,pos10,S,C,DMS,A,10,-3.5451
46,pos46,S,C,DMS,A,46,-1.9357
81,pos81,S,C,DMS,A,81,-1.1472
123,pos123,S,C,DMS,A,123,-0.32624
147,pos147,S,C,DMS,A,147,-2.8511
158,pos158,S,C,DMS,A,158,-3.5451
254,pos254,S,C,DMS,A,254,-1.9357
284,pos284,S,C,DMS,A,284,-0.099606
10,pos10,S,F,DMS,A,10,-4.5324
46,pos46,S,F,DMS,A,46,-0.48473
81,pos81,S,F,DMS,A,81,-0.22748
123,pos123,S,F,DMS,A,123,-2.0094
158,pos158,S,F,DMS,A,158,-3.0358
254,pos254,S,F,DMS,A,254,-1.0359
1,pos1,S,G,DMS,A,1,-0.24051
147,pos147,S,G,DMS,A,147,-2.992
284,pos284,S,G,DMS,A,284,0.67152
1,pos1,S,I,DMS,A,1,-4.7199
147,pos147,S,I,DMS,A,147,-5.0563
284,pos284,S,I,DMS,A,284,-1.7605
113,pos113,S,L,DMS,A,113,-6.1419
121,pos121,S,L,DMS,A,121,-0.74674
139,pos139,S,L,DMS,A,139,-4.6755
144,pos144,S,L,DMS,A,144,-5.0433
267,pos267,S,L,DMS,A,267,-1.8423
301,pos301,S,L,DMS,A,301,-1.4324
1,pos1,S,N,DMS,A,1,-1.846
147,pos147,S,N,DMS,A,147,-5.9568
284,pos284,S,N,DMS,A,284,-1.7227
10,pos10,S,P,DMS,A,10,-4.0085
46,pos46,S,P,DMS,A,46,-0.15835
81,pos81,S,P,DMS,A,81,-2.2739
113,pos113,S,P,DMS,A,113,-5.1071
121,pos121,S,P,DMS,A,121,-4.0085
123,pos123,S,P,DMS,A,123,-4.0085
139,pos139,S,P,DMS,A,139,-3.1612
144,pos144,S,P,DMS,A,144,-5.1071
158,pos158,S,P,DMS,A,158,-4.0085
254,pos254,S,P,DMS,A,254,-2.7092
267,pos267,S,P,DMS,A,267,-5.1071
301,pos301,S,P,DMS,A,301,-2.5422
1,pos1,S,R,DMS,A,1,-1.5636
147,pos147,S,R,DMS,A,147,-2.4509
284,pos284,S,R,DMS,A,284,-3.2982
1,pos1,S,S,DMS,A,1,-0.013356
10,pos10,S,S,DMS,A,10,1.2625
46,pos46,S,S,DMS,A,46,0.32758
81,pos81,S,S,DMS,A,81,-0.98692
113,pos113,S,S,DMS,A,113,-0.43948
121,pos121,S,S,DMS,A,121,-0.91811
123,pos123,S,S,DMS,A,123,-0.03512
139,pos139,S,S,DMS,A,139,0.83152
144,pos144,S,S,DMS,A,144,0.38835
147,pos147,S,S,DMS,A,147,-1.0641
158,pos158,S,S,DMS,A,158,0.19636
254,pos254,S,S,DMS,A,254,0.11969
267,pos267,S,S,DMS,A,267,0.35565
284,pos284,S,S,DMS,A,284,-1.4962
301,pos301,S,S,DMS,A,301,-0.11713
1,pos1,S,T,DMS,A,1,-2.738
10,pos10,S,T,DMS,A,10,-1.1861
46,pos46,S,T,DMS,A,46,-1.3868
81,pos81,S,T,DMS,A,81,-1.3868
113,pos113,S,T,DMS,A,113,-1.9745
121,pos121,S,T,DMS,A,121,-0.44849
123,pos123,S,T,DMS,A,123,-1.6381
139,pos139,S,T,DMS,A,139,-1.3868
144,pos144,S,T,DMS,A,144,-3.584
147,pos147,S,T,DMS,A,147,-3.8366
158,pos158,S,T,DMS,A,158,-0.44849
254,pos254,S,T,DMS,A,254,-1.3868
267,pos267,S,T,DMS,A,267,-1.3868
284,pos284,S,T,DMS,A,284,-1.4387
301,pos301,S,T,DMS,A,301,-1.1861
10,pos10,S,Y,DMS,A,10,-4.5855
46,pos46,S,Y,DMS,A,46,-1.2897
81,pos81,S,Y,DMS,A,81,-0.82435
123,pos123,S,Y,DMS,A,123,-4.5855
158,pos158,S,Y,DMS,A,158,-3.4869
254,pos254,S,Y,DMS,A,254,-2.0206
21,pos21,T,A,DMS,A,21,-0.84546
24,pos24,T,A,DMS,A,24,-0.46188
26,pos26,T,A,DMS,A,26,-1.3391
45,pos45,T,A,DMS,A,45,-1.2574
93,pos93,T,A,DMS,A,93,-0.46188
98,pos98,T,A,DMS,A,98,-1.7553
111,pos111,T,A,DMS,A,111,-2.7914
135,pos135,T,A,DMS,A,135,-2.992
169,pos169,T,A,DMS,A,169,-1.6928
175,pos175,T,A,DMS,A,175,-2.992
190,pos190,T,A,DMS,A,190,-1.5257
196,pos196,T,A,DMS,A,196,-0.55454
198,pos198,T,A,DMS,A,198,0.17203
199,pos199,T,A,DMS,A,199,-0.47974
201,pos201,T,A,DMS,A,201,-2.0538
224,pos224,T,A,DMS,A,224,-0.87178
225,pos225,T,A,DMS,A,225,-1.6339
226,pos226,T,A,DMS,A,226,-1.0461
243,pos243,T,A,DMS,A,243,-0.46188
257,pos257,T,A,DMS,A,257,-0.95516
280,pos280,T,A,DMS,A,280,-0.55454
292,pos292,T,A,DMS,A,292,-0.81982
304,pos304,T,A,DMS,A,304,-2.4812
21,pos21,T,I,DMS,A,21,1.0785
24,pos24,T,I,DMS,A,24,-0.25671
26,pos26,T,I,DMS,A,26,-4.105
45,pos45,T,I,DMS,A,45,-0.90014
93,pos93,T,I,DMS,A,93,0.54064
98,pos98,T,I,DMS,A,98,-4.8426
111,pos111,T,I,DMS,A,111,-5.2946
135,pos135,T,I,DMS,A,135,-1.6237
169,pos169,T,I,DMS,A,169,-1.8155
175,pos175,T,I,DMS,A,175,-6.1419
190,pos190,T,I,DMS,A,190,-0.58506
198,pos198,T,I,DMS,A,198,-0.94339
199,pos199,T,I,DMS,A,199,-1.6992
201,pos201,T,I,DMS,A,201,-5.6311
224,pos224,T,I,DMS,A,224,-1.9778
225,pos225,T,I,DMS,A,225,-0.60062
226,pos226,T,I,DMS,A,226,-3.0661
243,pos243,T,I,DMS,A,243,-0.71694
257,pos257,T,I,DMS,A,257,-1.5268
280,pos280,T,I,DMS,A,280,-1.3189
292,pos292,T,I,DMS,A,292,-5.6311
304,pos304,T,I,DMS,A,304,-0.70526
24,pos24,T,K,DMS,A,24,-2.1877
26,pos26,T,K,DMS,A,26,-4.5855
93,pos93,T,K,DMS,A,93,-3.4869
98,pos98,T,K,DMS,A,98,-3.4869
175,pos175,T,K,DMS,A,175,-4.5855
190,pos190,T,K,DMS,A,190,-2.1877
196,pos196,T,K,DMS,A,196,-4.5855
198,pos198,T,K,DMS,A,198,-2.3883
201,pos201,T,K,DMS,A,201,-4.5855
225,pos225,T,K,DMS,A,225,-4.5855
243,pos243,T,K,DMS,A,243,-1.2897
292,pos292,T,K,DMS,A,292,-4.5855
196,pos196,T,M,DMS,A,196,-0.6325
21,pos21,T,N,DMS,A,21,-0.61526
45,pos45,T,N,DMS,A,45,-0.29509
111,pos111,T,N,DMS,A,111,-2.6396
135,pos135,T,N,DMS,A,135,-3.4869
169,pos169,T,N,DMS,A,169,-3.4869
199,pos199,T,N,DMS,A,199,-1.2897
224,pos224,T,N,DMS,A,224,-0.29509
226,pos226,T,N,DMS,A,226,-0.38086
257,pos257,T,N,DMS,A,257,-3.4869
280,pos280,T,N,DMS,A,280,-0.92199
304,pos304,T,N,DMS,A,304,-2.9761
21,pos21,T,P,DMS,A,21,-3.1655
24,pos24,T,P,DMS,A,24,-1.2196
26,pos26,T,P,DMS,A,26,-3.1655
45,pos45,T,P,DMS,A,45,-2.0669
93,pos93,T,P,DMS,A,93,-3.1655
98,pos98,T,P,DMS,A,98,-3.1655
111,pos111,T,P,DMS,A,111,-3.1655
135,pos135,T,P,DMS,A,135,-3.1655
169,pos169,T,P,DMS,A,169,-0.96824
175,pos175,T,P,DMS,A,175,-3.1655
190,pos190,T,P,DMS,A,190,-3.1655
196,pos196,T,P,DMS,A,196,-3.1655
198,pos198,T,P,DMS,A,198,-1.556
199,pos199,T,P,DMS,A,199,-1.556
201,pos201,T,P,DMS,A,201,-3.1655
224,pos224,T,P,DMS,A,224,-3.1655
225,pos225,T,P,DMS,A,225,-2.0669
226,pos226,T,P,DMS,A,226,-1.556
243,pos243,T,P,DMS,A,243,-3.1655
257,pos257,T,P,DMS,A,257,-3.1655
280,pos280,T,P,DMS,A,280,-3.1655
292,pos292,T,P,DMS,A,292,-3.1655
304,pos304,T,P,DMS,A,304,-3.1655
24,pos24,T,R,DMS,A,24,-1.9357
26,pos26,T,R,DMS,A,26,-3.5451
93,pos93,T,R,DMS,A,93,-3.5451
98,pos98,T,R,DMS,A,98,-3.5451
175,pos175,T,R,DMS,A,175,-3.5451
190,pos190,T,R,DMS,A,190,-1.5992
196,pos196,T,R,DMS,A,196,-3.5451
198,pos198,T,R,DMS,A,198,-2.4465
201,pos201,T,R,DMS,A,201,-2.4465
225,pos225,T,R,DMS,A,225,-3.5451
243,pos243,T,R,DMS,A,243,-3.5451
292,pos292,T,R,DMS,A,292,-3.5451
21,pos21,T,S,DMS,A,21,-3.3507
24,pos24,T,S,DMS,A,24,-2.3403
26,pos26,T,S,DMS,A,26,-2.8511
45,pos45,T,S,DMS,A,45,-2.8399
93,pos93,T,S,DMS,A,93,-2.0038
98,pos98,T,S,DMS,A,98,-2.0038
111,pos111,T,S,DMS,A,111,-2.8399
135,pos135,T,S,DMS,A,135,-2.8399
169,pos169,T,S,DMS,A,169,0.93978
175,pos175,T,S,DMS,A,175,-2.3403
190,pos190,T,S,DMS,A,190,-2.8511
196,pos196,T,S,DMS,A,196,-1.7525
198,pos198,T,S,DMS,A,198,-2.0038
199,pos199,T,S,DMS,A,199,-4.4493
201,pos201,T,S,DMS,A,201,-3.9498
224,pos224,T,S,DMS,A,224,-2.8399
225,pos225,T,S,DMS,A,225,-2.3403
226,pos226,T,S,DMS,A,226,-4.4493
243,pos243,T,S,DMS,A,243,-2.8511
257,pos257,T,S,DMS,A,257,-2.0514
280,pos280,T,S,DMS,A,280,-2.8399
292,pos292,T,S,DMS,A,292,-2.8511
304,pos304,T,S,DMS,A,304,-2.8399
21,pos21,T,T,DMS,A,21,-0.83105
24,pos24,T,T,DMS,A,24,-0.80584
26,pos26,T,T,DMS,A,26,-0.59875
45,pos45,T,T,DMS,A,45,0.12869
93,pos93,T,T,DMS,A,93,-0.27054
98,pos98,T,T,DMS,A,98,-1.1144
111,pos111,T,T,DMS,A,111,0.04528
135,pos135,T,T,DMS,A,135,-0.50048
169,pos169,T,T,DMS,A,169,0.78251
175,pos175,T,T,DMS,A,175,-0.23992
190,pos190,T,T,DMS,A,190,0.00016084
196,pos196,T,T,DMS,A,196,0.56305
198,pos198,T,T,DMS,A,198,-0.87927
199,pos199,T,T,DMS,A,199,-1.2949
201,pos201,T,T,DMS,A,201,-1.1388
224,pos224,T,T,DMS,A,224,-0.43338
225,pos225,T,T,DMS,A,225,-0.8237
226,pos226,T,T,DMS,A,226,-0.54595
243,pos243,T,T,DMS,A,243,-1.1894
257,pos257,T,T,DMS,A,257,0.28122
280,pos280,T,T,DMS,A,280,-1.2054
292,pos292,T,T,DMS,A,292,-1.1638
304,pos304,T,T,DMS,A,304,0.15107
13,pos13,V,A,DMS,A,13,-1.7398
18,pos18,V,A,DMS,A,18,-1.0296
20,pos20,V,A,DMS,A,20,-0.45315
35,pos35,V,A,DMS,A,35,-1.4435
36,pos36,V,A,DMS,A,36,-3.4977
42,pos42,V,A,DMS,A,42,-2.3991
68,pos68,V,A,DMS,A,68,-1.5518
73,pos73,V,A,DMS,A,73,-1.3004
77,pos77,V,A,DMS,A,77,-1.6106
86,pos86,V,A,DMS,A,86,-0.34493
91,pos91,V,A,DMS,A,91,-2.1627
104,pos104,V,A,DMS,A,104,-1.9716
114,pos114,V,A,DMS,A,114,-2.7092
125,pos125,V,A,DMS,A,125,-4.0085
148,pos148,V,A,DMS,A,148,-0.96397
157,pos157,V,A,DMS,A,157,-1.7398
171,pos171,V,A,DMS,A,171,-3.4977
186,pos186,V,A,DMS,A,186,-1.8113
202,pos202,V,A,DMS,A,202,-2.1627
204,pos204,V,A,DMS,A,204,1.3806
212,pos212,V,A,DMS,A,212,-0.59625
233,pos233,V,A,DMS,A,233,-0.73766
247,pos247,V,A,DMS,A,247,-0.99623
261,pos261,V,A,DMS,A,261,-0.31132
296,pos296,V,A,DMS,A,296,-0.49199
297,pos297,V,A,DMS,A,297,-3.4977
303,pos303,V,A,DMS,A,303,-5.1071
13,pos13,V,D,DMS,A,13,-3.584
36,pos36,V,D,DMS,A,36,-3.584
73,pos73,V,D,DMS,A,73,-3.584
77,pos77,V,D,DMS,A,77,-3.584
91,pos91,V,D,DMS,A,91,-3.584
104,pos104,V,D,DMS,A,104,-3.584
125,pos125,V,D,DMS,A,125,-3.584
148,pos148,V,D,DMS,A,148,-2.4854
157,pos157,V,D,DMS,A,157,-3.584
171,pos171,V,D,DMS,A,171,-3.584
186,pos186,V,D,DMS,A,186,-3.584
202,pos202,V,D,DMS,A,202,-3.584
204,pos204,V,D,DMS,A,204,-3.584
212,pos212,V,D,DMS,A,212,-3.584
247,pos247,V,D,DMS,A,247,-3.584
261,pos261,V,D,DMS,A,261,-3.584
296,pos296,V,D,DMS,A,296,-2.4854
297,pos297,V,D,DMS,A,297,-3.584
303,pos303,V,D,DMS,A,303,-3.584
18,pos18,V,E,DMS,A,18,-3.584
20,pos20,V,E,DMS,A,20,-3.584
35,pos35,V,E,DMS,A,35,-3.584
42,pos42,V,E,DMS,A,42,-3.584
68,pos68,V,E,DMS,A,68,-3.584
86,pos86,V,E,DMS,A,86,-1.1861
114,pos114,V,E,DMS,A,114,-2.4854
233,pos233,V,E,DMS,A,233,-3.584
13,pos13,V,F,DMS,A,13,-5.0563
36,pos36,V,F,DMS,A,36,-6.6658
73,pos73,V,F,DMS,A,73,-2.5226
77,pos77,V,F,DMS,A,77,-5.0563
91,pos91,V,F,DMS,A,91,-4.7199
104,pos104,V,F,DMS,A,104,-1.717
125,pos125,V,F,DMS,A,125,-5.0563
148,pos148,V,F,DMS,A,148,-4.7199
157,pos157,V,F,DMS,A,157,-3.0549
171,pos171,V,F,DMS,A,171,-4.1008
186,pos186,V,F,DMS,A,186,-0.68688
202,pos202,V,F,DMS,A,202,-3.4469
204,pos204,V,F,DMS,A,204,-6.6658
212,pos212,V,F,DMS,A,212,-1.1167
247,pos247,V,F,DMS,A,247,-1.2676
261,pos261,V,F,DMS,A,261,-1.9208
296,pos296,V,F,DMS,A,296,-4.4685
297,pos297,V,F,DMS,A,297,-4.4685
303,pos303,V,F,DMS,A,303,-3.7213
13,pos13,V,G,DMS,A,13,-3.156
18,pos18,V,G,DMS,A,18,-3.156
20,pos20,V,G,DMS,A,20,-3.156
35,pos35,V,G,DMS,A,35,-1.5466
36,pos36,V,G,DMS,A,36,-3.156
42,pos42,V,G,DMS,A,42,-3.156
68,pos68,V,G,DMS,A,68,-3.156
73,pos73,V,G,DMS,A,73,-2.0574
77,pos77,V,G,DMS,A,77,-3.156
86,pos86,V,G,DMS,A,86,-2.0574
91,pos91,V,G,DMS,A,91,-3.156
104,pos104,V,G,DMS,A,104,-1.5466
114,pos114,V,G,DMS,A,114,-3.156
125,pos125,V,G,DMS,A,125,-3.156
148,pos148,V,G,DMS,A,148,-3.156
157,pos157,V,G,DMS,A,157,-3.156
171,pos171,V,G,DMS,A,171,-3.156
186,pos186,V,G,DMS,A,186,-3.156
202,pos202,V,G,DMS,A,202,-3.156
204,pos204,V,G,DMS,A,204,-1.2101
212,pos212,V,G,DMS,A,212,-3.156
233,pos233,V,G,DMS,A,233,-1.2101
247,pos247,V,G,DMS,A,247,-2.0574
261,pos261,V,G,DMS,A,261,-1.2101
296,pos296,V,G,DMS,A,296,-2.0574
297,pos297,V,G,DMS,A,297,-2.0574
303,pos303,V,G,DMS,A,303,-3.156
13,pos13,V,I,DMS,A,13,-1.4909
18,pos18,V,I,DMS,A,18,-0.57695
20,pos20,V,I,DMS,A,20,-1.538
35,pos35,V,I,DMS,A,35,0.085786
36,pos36,V,I,DMS,A,36,-1.0369
68,pos68,V,I,DMS,A,68,-0.56777
73,pos73,V,I,DMS,A,73,-0.43939
77,pos77,V,I,DMS,A,77,-0.93957
86,pos86,V,I,DMS,A,86,-0.69416
91,pos91,V,I,DMS,A,91,-0.87544
104,pos104,V,I,DMS,A,104,0.13672
125,pos125,V,I,DMS,A,125,-0.47205
148,pos148,V,I,DMS,A,148,-1.5874
157,pos157,V,I,DMS,A,157,-1.4242
171,pos171,V,I,DMS,A,171,-1.097
186,pos186,V,I,DMS,A,186,-0.81518
202,pos202,V,I,DMS,A,202,-1.2295
204,pos204,V,I,DMS,A,204,-1.7522
212,pos212,V,I,DMS,A,212,0.099938
247,pos247,V,I,DMS,A,247,-0.8509
261,pos261,V,I,DMS,A,261,0.4841
296,pos296,V,I,DMS,A,296,-1.9866
297,pos297,V,I,DMS,A,297,-0.10177
303,pos303,V,I,DMS,A,303,-0.87544
13,pos13,V,L,DMS,A,13,-3.8366
18,pos18,V,L,DMS,A,18,-2.3525
20,pos20,V,L,DMS,A,20,-3.2254
35,pos35,V,L,DMS,A,35,-1.6282
36,pos36,V,L,DMS,A,36,-2.2271
42,pos42,V,L,DMS,A,42,-2.3781
68,pos68,V,L,DMS,A,68,-3.288
73,pos73,V,L,DMS,A,73,-1.8907
77,pos77,V,L,DMS,A,77,-1.6393
86,pos86,V,L,DMS,A,86,-3.3547
91,pos91,V,L,DMS,A,91,-1.6393
104,pos104,V,L,DMS,A,104,-2.2271
114,pos114,V,L,DMS,A,114,-2.1068
125,pos125,V,L,DMS,A,125,-3.8366
148,pos148,V,L,DMS,A,148,-2.738
157,pos157,V,L,DMS,A,157,3.2256
171,pos171,V,L,DMS,A,171,-2.738
186,pos186,V,L,DMS,A,186,-3.8366
202,pos202,V,L,DMS,A,202,-1.8907
204,pos204,V,L,DMS,A,204,-2.738
212,pos212,V,L,DMS,A,212,-3.8366
233,pos233,V,L,DMS,A,233,-3.0584
247,pos247,V,L,DMS,A,247,-0.89213
261,pos261,V,L,DMS,A,261,-3.8366
296,pos296,V,L,DMS,A,296,-3.8366
297,pos297,V,L,DMS,A,297,-2.738
303,pos303,V,L,DMS,A,303,-2.738
42,pos42,V,M,DMS,A,42,-4.3474
114,pos114,V,M,DMS,A,114,-1.9138
233,pos233,V,M,DMS,A,233,-0.9529
13,pos13,V,V,DMS,A,13,0.82275
18,pos18,V,V,DMS,A,18,-0.34584
20,pos20,V,V,DMS,A,20,-0.090811
35,pos35,V,V,DMS,A,35,-0.08219
36,pos36,V,V,DMS,A,36,-0.81064
42,pos42,V,V,DMS,A,42,-0.6216
68,pos68,V,V,DMS,A,68,-0.40333
73,pos73,V,V,DMS,A,73,0.32758
77,pos77,V,V,DMS,A,77,-0.26409
86,pos86,V,V,DMS,A,86,-0.61325
91,pos91,V,V,DMS,A,91,-0.71441
104,pos104,V,V,DMS,A,104,0.10363
114,pos114,V,V,DMS,A,114,0.55835
125,pos125,V,V,DMS,A,125,0.070705
148,pos148,V,V,DMS,A,148,-0.69623
157,pos157,V,V,DMS,A,157,-0.037734
171,pos171,V,V,DMS,A,171,0.26756
186,pos186,V,V,DMS,A,186,0.14332
202,pos202,V,V,DMS,A,202,-0.29981
204,pos204,V,V,DMS,A,204,-0.29981
212,pos212,V,V,DMS,A,212,-0.96311
233,pos233,V,V,DMS,A,233,-1.0846
247,pos247,V,V,DMS,A,247,-0.20726
261,pos261,V,V,DMS,A,261,-0.73293
296,pos296,V,V,DMS,A,296,-0.53056
297,pos297,V,V,DMS,A,297,-0.59357
303,pos303,V,V,DMS,A,303,-0.22961
31,pos31,W,*,DMS,A,31,-6.6487
207,pos207,W,*,DMS,A,207,-6.6487
218,pos218,W,*,DMS,A,218,-6.6487
31,pos31,W,C,DMS,A,31,-4.5247
207,pos207,W,C,DMS,A,207,-4.3241
218,pos218,W,C,DMS,A,218,-3.5865
31,pos31,W,G,DMS,A,31,-3.156
207,pos207,W,G,DMS,A,207,-3.156
218,pos218,W,G,DMS,A,218,-2.0574
31,pos31,W,L,DMS,A,31,-5.0563
207,pos207,W,L,DMS,A,207,-5.5672
218,pos218,W,L,DMS,A,218,-5.0563
31,pos31,W,R,DMS,A,31,-5.2994
207,pos207,W,R,DMS,A,207,-4.2007
218,pos218,W,R,DMS,A,218,-2.4661
31,pos31,W,S,DMS,A,31,-3.8366
207,pos207,W,S,DMS,A,207,-3.8366
218,pos218,W,S,DMS,A,218,-2.738
37,pos37,Y,*,DMS,A,37,-4.8805
54,pos54,Y,*,DMS,A,54,-4.0689
101,pos101,Y,*,DMS,A,101,-4.0689
118,pos118,Y,*,DMS,A,118,-4.8805
126,pos126,Y,*,DMS,A,126,-4.8805
154,pos154,Y,*,DMS,A,154,-4.0689
161,pos161,Y,*,DMS,A,161,-4.8805
182,pos182,Y,*,DMS,A,182,-2.9703
209,pos209,Y,*,DMS,A,209,-3.7819
237,pos237,Y,*,DMS,A,237,-4.8805
239,pos239,Y,*,DMS,A,239,-4.0689
37,pos37,Y,C,DMS,A,37,-0.87178
54,pos54,Y,C,DMS,A,54,-5.1893
101,pos101,Y,C,DMS,A,101,-0.22642
118,pos118,Y,C,DMS,A,118,-4.0907
126,pos126,Y,C,DMS,A,126,-5.1893
154,pos154,Y,C,DMS,A,154,-2.3561
161,pos161,Y,C,DMS,A,161,-3.5798
182,pos182,Y,C,DMS,A,182,-5.1893
209,pos209,Y,C,DMS,A,209,-5.1893
237,pos237,Y,C,DMS,A,237,-0.37708
239,pos239,Y,C,DMS,A,239,0.2872
37,pos37,Y,D,DMS,A,37,-3.156
54,pos54,Y,D,DMS,A,54,-3.156
101,pos101,Y,D,DMS,A,101,-2.0574
118,pos118,Y,D,DMS,A,118,-3.156
126,pos126,Y,D,DMS,A,126,-3.156
154,pos154,Y,D,DMS,A,154,-3.156
161,pos161,Y,D,DMS,A,161,-3.156
182,pos182,Y,D,DMS,A,182,-3.156
209,pos209,Y,D,DMS,A,209,-3.156
237,pos237,Y,D,DMS,A,237,-3.156
239,pos239,Y,D,DMS,A,239,-3.156
37,pos37,Y,F,DMS,A,37,-2.0038
54,pos54,Y,F,DMS,A,54,-3.9498
101,pos101,Y,F,DMS,A,101,-1.3848
118,pos118,Y,F,DMS,A,118,-3.9498
126,pos126,Y,F,DMS,A,126,-3.9498
154,pos154,Y,F,DMS,A,154,-3.9498
161,pos161,Y,F,DMS,A,161,-2.3403
182,pos182,Y,F,DMS,A,182,-3.9498
209,pos209,Y,F,DMS,A,209,-2.8511
237,pos237,Y,F,DMS,A,237,-2.0038
239,pos239,Y,F,DMS,A,239,-2.8511
37,pos37,Y,H,DMS,A,37,-0.18713
54,pos54,Y,H,DMS,A,54,-5.1071
101,pos101,Y,H,DMS,A,101,-1.6106
118,pos118,Y,H,DMS,A,118,-4.0085
126,pos126,Y,H,DMS,A,126,-4.0085
154,pos154,Y,H,DMS,A,154,-4.0085
161,pos161,Y,H,DMS,A,161,-5.1071
182,pos182,Y,H,DMS,A,182,-2.9099
209,pos209,Y,H,DMS,A,209,-3.4977
237,pos237,Y,H,DMS,A,237,-1.6106
239,pos239,Y,H,DMS,A,239,-1.2153
37,pos37,Y,N,DMS,A,37,-3.584
54,pos54,Y,N,DMS,A,54,-2.4854
101,pos101,Y,N,DMS,A,101,-2.4854
118,pos118,Y,N,DMS,A,118,-3.584
126,pos126,Y,N,DMS,A,126,-3.584
154,pos154,Y,N,DMS,A,154,-3.584
161,pos161,Y,N,DMS,A,161,-3.584
182,pos182,Y,N,DMS,A,182,-2.4854
209,pos209,Y,N,DMS,A,209,-3.584
237,pos237,Y,N,DMS,A,237,-3.584
239,pos239,Y,N,DMS,A,239,-3.584
37,pos37,Y,S,DMS,A,37,-2.0669
54,pos54,Y,S,DMS,A,54,-3.1655
101,pos101,Y,S,DMS,A,101,-0.76757
118,pos118,Y,S,DMS,A,118,-3.1655
126,pos126,Y,S,DMS,A,126,-3.1655
154,pos154,Y,S,DMS,A,154,-3.1655
161,pos161,Y,S,DMS,A,161,-3.1655
182,pos182,Y,S,DMS,A,182,-3.1655
209,pos209,Y,S,DMS,A,209,-3.1655
237,pos237,Y,S,DMS,A,237,-3.1655
239,pos239,Y,S,DMS,A,239,-0.60051
37,pos37,Y,Y,DMS,A,37,-0.41287
54,pos54,Y,Y,DMS,A,54,0.10238
101,pos101,Y,Y,DMS,A,101,0.83043
118,pos118,Y,Y,DMS,A,118,-0.35601
126,pos126,Y,Y,DMS,A,126,-0.53731
154,pos154,Y,Y,DMS,A,154,0.46505
161,pos161,Y,Y,DMS,A,161,0.35288
182,pos182,Y,Y,DMS,A,182,1.2981
209,pos209,Y,Y,DMS,A,209,0.29159
237,pos237,Y,Y,DMS,A,237,-0.15292
239,pos239,Y,Y,DMS,A,239,2.1421